wavelength_micron,FLAM_reference_W_m2_micron,FLAM_uncertainty_W_m2_micron,normalized_flux,normalized_uncertainty,n_primary_sources,interpolated_from_native_grid
0.63,,,,,0,False
0.635,2.1194229642857145,0.01371760714285713,0.9925600792226548,0.006424177458626445,1,True
0.64,2.1142897292724196,0.012106531302876478,0.9901561021792232,0.005669684565838607,1,True
0.645,2.1057558783783783,0.011374594594594598,0.986159561676361,0.005326906758199313,1,True
0.65,2.09568202020202,0.011195151515151495,0.981441810836583,0.005242870659624705,1,True
0.655,2.1076536912751673,0.010549664429530191,0.9870483381739874,0.004940578609553706,1,True
0.66,2.0904912280701753,0.009607017543859649,0.9790108788629132,0.004499121815281654,1,True
0.665,2.1137094000000003,0.009165666666666666,0.9898843245877211,0.004292430055772813,1,True
0.67,2.1037189610389606,0.009346038961038963,0.9852056403167028,0.004376901320739066,1,True
0.675,2.097216456953642,0.008338576158940392,0.9821604124038097,0.0039050901836912787,1,True
0.68,2.0981080065897855,0.008068023064250408,0.9825779395290665,0.0037783857902669448,1,True
0.685,2.083042108731466,0.007837380560131793,0.9755223357049124,0.0036703721724012746,1,True
0.6900000000000001,2.105317803278689,0.007628918032786883,0.9859544040164789,0.0035727457966645408,1,True
0.6950000000000001,2.1040701960784314,0.007428725490196078,0.9853701293707885,0.0034789923886463913,1,True
0.7000000000000001,2.0928279411764708,0.007862712418300664,0.9801051994327041,0.0036822354916040204,1,True
0.7050000000000001,2.094632969283276,0.0075582593856655085,0.9809505233113636,0.0035396552085344866,1,True
0.7100000000000001,2.0912320388349515,0.007274498381877021,0.9793578125348444,0.0034067653374956863,1,True
0.7150000000000001,2.1032126213592233,0.00727368932038835,0.9849685132490515,0.0034063864409050464,1,True
0.7200000000000001,2.0992926948775055,0.007410445434298443,0.9831327482296082,0.0034704315425879615,1,True
0.7250000000000001,2.104353763066202,0.0074362717770034845,0.9855029283809857,0.003482526436902739,1,True
0.7300000000000001,2.110364216027875,0.007453693379790941,0.9883177207883204,0.0034906852554747224,1,True
0.7350000000000001,2.1092615384615376,0.007999230769230748,0.9878013190360304,0.003746169245034958,1,True
0.7400000000000001,2.087419426751593,0.00753254777070064,0.9775723045851469,0.0035276140430774193,1,True
0.7450000000000001,2.1071834713375797,0.0076365923566879,0.9868281265662202,0.0035763398067642383,1,True
0.7500000000000001,2.1094517973856206,0.008724019607843189,0.9878904203697154,0.004085599589612408,1,True
0.7550000000000001,2.090022878787879,0.00803912121212123,0.9787915433132974,0.003764850585108551,1,True
0.7600000000000001,2.0948355149501654,0.008317375415282375,0.9810453787255784,0.0038951615322803165,1,True
0.7650000000000001,2.142881230283913,0.00829829652996846,1.0035459648858522,0.0038862265814763645,1,True
0.7700000000000001,2.134858044164037,0.008658233438485811,0.9997885769623679,0.004054790861685314,1,True
0.7750000000000001,2.0965899999999995,0.008716981132075472,0.9818670324725667,0.0040823033574853935,1,True
0.7800000000000001,2.0902644827586205,0.008942068965517249,0.9789046903634052,0.004187715633165024,1,True
0.7850000000000001,2.1087997115384622,0.009678557692307743,0.987585038012809,0.004532625224751019,1,True
0.7900000000000001,2.0957319314641745,0.009511090342679145,0.9814651850885151,0.004454197554288088,1,True
0.7950000000000002,2.1060356250000005,0.00990125,0.9862905715472544,0.004636915636948093,1,True
0.8000000000000002,2.1078975683890593,0.010345714285714337,0.9871625497738257,0.004845065456061212,1,True
0.8050000000000002,2.112986624203821,0.010733566878980872,0.9895458369834982,0.005026703103282368,1,True
0.8100000000000002,2.0946229813664603,0.010966211180124237,0.980945845808254,0.0051356541950958795,1,True
0.8150000000000002,2.095642786377708,0.011241362229102173,0.9814234370016177,0.005264511884935896,1,True
0.8200000000000002,2.1029285448916397,0.011737523219814253,0.9848354756412114,0.005496872107763974,1,True
0.8250000000000002,2.0928253703703703,0.011989660493827166,0.9801039954825961,0.005614952074286175,1,True
0.8300000000000002,2.126782944983819,0.013316763754045412,0.9960068773124593,0.006236456011582049,1,True
0.8350000000000002,2.1300601759530773,0.0140676539589442,0.9975416576207278,0.006588110048468942,1,True
0.8400000000000002,2.1115623387096782,0.012637580645161295,0.9888788210330608,0.005918383568412168,1,True
0.8450000000000002,2.094151854838708,0.012952365591397865,0.9807252096296385,0.006065802453853928,1,True
0.8500000000000002,2.1172331079523627,0.013526715328467113,0.9915345340566617,0.006334779732166607,1,True
0.8550000000000002,2.1186756742220516,0.01224934306569339,0.9922101111901805,0.005736565625921512,1,True
0.8600000000000002,2.1201182404917405,0.010971970802919666,0.9928856883236995,0.0051383515196764176,1,True
0.8650000000000002,2.121560806761429,0.00969459854014594,0.9935612654572182,0.004540137413431321,1,True
0.8700000000000002,2.1230033730311177,0.008417226277372219,0.9942368425907371,0.003941923307186227,1,True
0.8750000000000002,2.1244459393008066,0.007139854014598494,0.994912419724256,0.003343709200941131,1,True
0.8800000000000002,2.1016733632287004,0.0069062331838564955,0.9842476537520465,0.003234300784510441,1,True
0.8850000000000002,2.116333004484306,0.006753721973094165,0.9911130010334672,0.0031628773159591227,1,True
0.8900000000000002,2.133642147651007,0.00665731543624161,0.9992191529447764,0.0031177285743117927,1,True
0.8950000000000002,2.131961026785713,0.006580491071428563,0.9984318568328834,0.003081750480788225,1,True
0.9000000000000002,2.1210832366071433,0.006485066964285716,0.9933376116240005,0.0030370618268755903,1,True
0.9050000000000002,2.1256468151447665,0.00636427616926502,0.9954748093193971,0.00298049354244374,1,True
0.9100000000000003,2.1259374164810687,0.006309220489977731,0.99561090262887,0.002954710076700523,1,True
0.9150000000000003,2.1250063919821827,0.006041447661469911,0.9951748887864494,0.0028293077269307735,1,True
0.9200000000000003,2.1317470731707324,0.006304634146341485,0.9983316588919279,0.0029525622177409643,1,True
0.9250000000000003,2.13790685840708,0.006094867256637164,1.0012163860205896,0.002854324987998868,1,True
0.9300000000000003,2.1481756858407075,0.006011482300884953,1.0060254441193255,0.002815274463548556,1,True
0.9350000000000003,2.1389113053097337,0.005975530973451328,1.001686784763112,0.0027984378750020578,1,True
0.9400000000000003,2.1321324061810154,0.005955629139072842,0.9985121165776557,0.0027891175238308873,1,True
0.9450000000000003,2.140565518763798,0.005827152317880785,1.002461479698802,0.002728949748936724,1,True
0.9500000000000003,2.1398638105726864,0.005738237885462553,1.002132858395033,0.002687309681063429,1,True
0.9550000000000003,2.13111936123348,0.00569552863436123,0.9980376912315471,0.0026673082474793796,1,True
0.9600000000000003,2.1404302637362647,0.005711560439560442,1.0023981375801658,0.0026748162013454807,1,True
0.9650000000000003,2.1242923684210515,0.005702280701754385,0.9948404999955636,0.002670470349928772,1,True
0.9700000000000003,2.1244987692307693,0.005463692307692292,0.9949371608355645,0.002558735543190143,1,True
0.9750000000000003,2.114544857768052,0.005481816192560187,0.9902755829832458,0.002567223251827556,1,True
0.9800000000000003,2.1136189263157896,0.0055800842105263,0.9898419542969953,0.002613243755210358,1,True
0.9850000000000003,2.1114955118110235,0.005492598425196889,0.9888475249147585,0.0025722727458928852,1,True
0.9900000000000003,2.110859542619543,0.005798274428274388,0.9885496902485706,0.0027154257658156067,1,True
0.9950000000000003,2.114717233115467,0.005262483660130717,0.9903563091485131,0.0024645062767674744,1,True
1.0000000000000004,2.10518503267974,0.005233202614379083,0.985892225395962,0.0024507934890980448,1,True
1.0050000000000003,2.114816630434783,0.005215717391304347,0.9904028585219968,0.0024426048761157677,1,True
1.0100000000000002,2.108964282608695,0.005194543478260868,0.9876621093087514,0.002432688789915875,1,True
1.0150000000000003,2.109744360086769,0.005131930585683291,0.9880274322180924,0.0024033661588675204,1,True
1.0200000000000005,2.0995394143167005,0.00502459869848155,0.9832482909363919,0.002353100898813598,1,True
1.0250000000000004,2.1023112147505434,0.005043904555314539,0.9845463699440107,0.002362142144053701,1,True
1.0300000000000002,2.1072026406926407,0.005094112554112557,0.9868371038854711,0.0023856553625590813,1,True
1.0350000000000004,2.10467,0.0050532467532467505,0.9856510272557044,0.002366517246558469,1,True
1.0400000000000005,2.09473211663067,0.005009546436285094,0.9809969556189503,0.002346051680790602,1,True
1.0450000000000004,2.0995826724137934,0.004966724137931021,0.9832685494034374,0.0023259973053483037,1,True
1.0500000000000003,2.1024262068965522,0.004774482758620663,0.9846002226272531,0.00223596755579217,1,True
1.0550000000000004,2.1108475000000007,0.004580000000000029,0.9885440504949167,0.002144888132025997,1,True
1.0600000000000005,2.1088147741935463,0.004933462365591396,0.9875920920979894,0.00231042027898555,1,True
1.0650000000000004,2.0976711827957,0.004911956989247309,0.9823733678758524,0.002300348963156907,1,True
1.0700000000000003,2.0999172903225802,0.004885677419354837,0.9834252563862584,0.0022880418152143064,1,True
1.0750000000000004,2.0981249785407727,0.004820364806866947,0.9825858877684224,0.0022574548616342,1,True
1.0800000000000005,2.1226716952789735,0.004898648068669548,0.9940815125308613,0.0022941161802317285,1,True
1.0850000000000004,2.126303790149892,0.004949122055674515,0.9957824813481156,0.002317753965319717,1,True
1.0900000000000003,2.112503875802997,0.004939999999999999,0.9893197580936114,0.0023134819589974574,1,True
1.0950000000000004,2.109982542735043,0.004873162393162384,0.9881389770075112,0.0022821808258797678,1,True
1.1000000000000005,2.11504826923077,0.004778653846153834,0.9905113387194706,0.0022379209435973097,1,True
1.1050000000000004,2.1397202777777804,0.004808888888888893,1.0020656396639522,0.002252080503495503,1,True
1.1100000000000003,2.1289447547974425,0.004766076759061846,0.9970192878393016,0.002232030890138999,1,True
1.1150000000000004,2.1416782302771855,0.004898272921108733,1.0029825805109054,0.0022939404925568486,1,True
1.1200000000000006,2.138711851063827,0.004791382978723398,1.0015933771113812,0.002243882202413782,1,True
1.1250000000000004,2.1242212572533856,0.004664119922630529,0.994807197484738,0.002184282853361609,1,True
1.1300000000000003,2.136290000000001,0.004353333333333334,1.0004591850580329,0.002038736463192092,1,True
1.1350000000000005,2.1497261061946884,0.004362566371681405,1.006751531066248,0.002043060444496747,1,True
1.1400000000000006,2.1303278761061923,0.004238672566371667,0.9976670259354348,0.0019850389701211147,1,True
1.1450000000000005,2.1326177031802125,0.004361448763250897,0.9987393890174124,0.002042537050379094,1,True
1.1500000000000004,2.13919761484099,0.004326554770318015,1.0018208681508143,0.0020261956286933436,1,True
1.1550000000000005,2.130694540636041,0.004323533568904597,0.9978387408696067,0.0020247807511701776,1,True
1.1600000000000006,2.124919470899471,0.004358835978835983,0.9951341822365082,0.0020413134411469782,1,True
1.1650000000000005,2.1320394003527348,0.004355308641975303,0.9984685604428766,0.002039661532201535,1,True
1.1700000000000004,2.1363585035211257,0.004326390845070426,1.0004912663657757,0.002026118859846599,1,True
1.1750000000000005,2.1219575352112687,0.004376566901408448,0.9937470598117375,0.0020496171191809417,1,True
1.1800000000000006,2.1342462676056355,0.004350158450704221,0.9995020720978337,0.0020372496142681273,1,True
1.1850000000000005,2.1206066432337423,0.004411142355008793,0.9931144152330813,0.002065809363741377,1,True
1.1900000000000004,2.1147160984182776,0.0043598242530755674,0.990355777751453,0.002041776265969614,1,True
1.1950000000000005,2.114918998242531,0.004415711775043947,0.990450799023294,0.0020679492971046177,1,True
1.2000000000000006,2.123787894736844,0.00444473684210526,0.994604246803822,0.0020815422058100917,1,True
1.2050000000000005,2.1260987719298234,0.004418421052631577,0.9956864679972263,0.002069218095651358,1,True
1.2100000000000004,2.118498756567426,0.004405253940455343,0.9921272577889245,0.002063051723895931,1,True
1.2150000000000005,2.120761366024518,0.004407548161120833,0.9931868744203497,0.0020641261445679083,1,True
1.2200000000000006,2.1172920279720286,0.004331818181818198,0.9915621272555525,0.0020286605694926256,1,True
1.2250000000000005,2.1217937762237766,0.004445454545454557,0.9936703688272868,0.0020818783179053367,1,True
1.2300000000000004,2.12051013986014,0.00450573426573427,0.9930692211412165,0.0021101082866018,1,True
1.2350000000000005,2.1156727272727265,0.004513636363636363,0.9908037825280166,0.0021138089669529587,1,True
1.2400000000000007,2.1057030366492127,0.004489616055846418,0.9861348150392949,0.0021025598680214598,1,True
1.2450000000000006,2.1027459162303677,0.00447,0.9847499476831044,0.002093373351562477,1,True
1.2500000000000004,2.109286170212766,0.004594255319148974,0.9878128544838211,0.002151564128720498,1,True
1.2550000000000006,2.106354974271011,0.004897958833619181,0.9864401279798661,0.0022937934003016613,1,True
1.2600000000000007,2.09551,0.00458,0.9813612509916525,0.002144888132025983,1,False
1.2650000000000006,2.1037993582089562,0.004647029850746276,0.9852432916127228,0.002176279296077765,1,True
1.2700000000000005,2.09964731707317,0.004652804878048779,0.983298823543764,0.002178983834838303,1,True
1.2750000000000006,2.1010079130434796,0.004675478260869573,0.9839360126593097,0.002189602147005378,1,True
1.2800000000000007,2.106771874999999,0.004738750000000008,0.9866353693392197,0.002219233326558547,1,True
1.2850000000000006,2.104515946348735,0.004781549925484353,0.9855788814372998,0.0022392772244238237,1,True
1.2900000000000005,2.119881073025337,0.004789001490312967,0.9927746189603824,0.0022427669128443294,1,True
1.2950000000000006,2.0973048122866857,0.005107730375426666,0.9822017906363963,0.0023920328086989686,1,True
1.3000000000000007,2.098826402116404,0.004956843033509646,0.9829143757821548,0.0023213698242119025,1,True
1.3050000000000006,2.1109197222222233,0.004809444444444449,0.9885778733305747,0.0022523406791544096,1,True
1.3100000000000005,2.1180803639514734,0.0048688908145580675,0.9919313177547577,0.002280180376479459,1,True
1.3150000000000006,2.120094488734835,0.0049201906412478244,0.9928745649914941,0.002304204915658902,1,True
1.3200000000000007,2.1206189965397946,0.004867301038062312,0.9931202004862566,0.002279435858414324,1,True
1.3250000000000006,2.134208961937718,0.005040311418685143,0.9994846012497173,0.002360459420011531,1,True
1.3300000000000005,2.149154498269898,0.005041833910034601,1.0064838378230045,0.0023611724273535756,1,True
1.3350000000000006,2.1487885467128023,0.005067266435986164,1.006312456785513,0.002373082890908368,1,True
1.3400000000000007,2.1534007958477526,0.005063598615916951,1.0084724477094218,0.002371365191402503,1,True
1.3450000000000006,2.1563885319516403,0.005095215889464606,1.0098716528864642,0.0023861720723630676,1,True
1.3500000000000005,2.1583799481865302,0.005176476683937828,1.0108042653423899,0.0024242278177046867,1,True
1.3550000000000006,2.170249999999999,0.005225517241379314,1.0163632027356742,0.0024471943045265604,1,True
1.3600000000000008,2.159250000000001,0.005260000000000007,1.0112117246893246,0.002463343138527661,1,True
1.3650000000000007,2.1670738341968923,0.005311813471502597,1.0148757528805585,0.002487608225886825,1,True
1.3700000000000006,2.1575019137931024,0.005269189655172408,1.010393067624055,0.002467646802788948,1,True
1.3750000000000007,2.1585643965517254,0.005314672413793117,1.010890645497298,0.002488947114836407,1,True
1.3800000000000008,2.167381000000002,0.005369000000000003,1.0150196035979502,0.0025143896028051336,1,True
1.3850000000000007,2.1676470912220287,0.005376884681583476,1.0151442184241863,0.002518082126812381,1,True
1.3900000000000006,2.1545266092943205,0.005382048192771091,1.008999684368902,0.002520500282678298,1,True
1.3950000000000007,2.1568338382099843,0.005443597246127378,1.010080197014988,0.0025493247005999864,1,True
1.4000000000000008,2.1711453700516374,0.005538261617900188,1.0167825190233448,0.002593657558141732,1,True
1.4050000000000007,2.166172839931152,0.005557538726333908,1.0144538026823904,0.002602685340041135,1,True
1.4100000000000006,2.158743814432989,0.005633608247422692,1.0109746697951572,0.0026383099280307054,1,True
1.4150000000000007,2.1622493986254314,0.005698900343642617,1.0126163916139754,0.002668887273510447,1,True
1.4200000000000008,2.1708481099656365,0.00571668384879725,1.0166433073136092,0.0026772155768187427,1,True
1.4250000000000007,2.1741177835051553,0.005732886597938157,1.018174548355206,0.0026848035864996435,1,True
1.4300000000000006,2.1784905488850757,0.005828507718696395,1.0202223851603427,0.002729584505077235,1,True
1.4350000000000007,2.1633275986277853,0.0058027787307032555,1.0131213301268573,0.002717535203549828,1,True
1.4400000000000008,2.1626249140893474,0.0059072852233677175,1.0127922515838326,0.002766477285610017,1,True
1.4450000000000007,2.1679922641509446,0.005964974271012012,1.0153058684937777,0.002793494000378604,1,True
1.4500000000000006,2.159959416809603,0.00603783876500859,1.0115439560639043,0.0028276176223042235,1,True
1.4550000000000007,2.145975411392404,0.0059088924050632215,1.0049950199814726,0.0027672299548119157,1,True
1.4600000000000009,2.14337766519824,0.005512290748898705,1.003778453391543,0.0025814949798230245,1,True
1.4650000000000007,2.1579811894273146,0.005681160058737174,1.0106175201611272,0.0026605792109444114,1,True
1.4700000000000006,2.1563536563876644,0.005759574155653457,1.0098553200953573,0.0026973018017433783,1,True
1.4750000000000008,2.1514820527859233,0.005766070381231663,1.0075738692767309,0.0027003440893297666,1,True
1.4800000000000009,2.1492993979442003,0.005716784140969187,1.006551696685831,0.002677262545266193,1,True
1.4850000000000008,2.154967533039648,0.0058709691629956155,1.0092061760956446,0.0027494698867248507,1,True
1.4900000000000007,2.1441749999999975,0.005909999999999998,1.0041518581848925,0.002767748659448375,1,True
1.4950000000000008,2.1331070527859244,0.005939633431085065,0.9989685593583957,0.0027816264748731718,1,True
1.5000000000000009,2.137909105571848,0.006064266862170111,1.0012174384042232,0.002839994327970987,1,True
1.5050000000000008,2.1351827964860903,0.0060211127379209296,0.999940663731237,0.002819784553091065,1,True
1.5100000000000007,2.1377121700879775,0.006043108504398837,1.0011252103295225,0.0028300855265568463,1,True
1.5150000000000008,2.139427393850656,0.00609508052708638,1.0019284773802515,0.002854424866002238,1,True
1.520000000000001,2.1246836163982405,0.006073118594436306,0.9950237277560334,0.002844139737465667,1,True
1.5250000000000008,2.1269176866764283,0.006195622254758444,0.9960699790280415,0.0029015101844426746,1,True
1.5300000000000007,2.123915285505123,0.006241185944363095,0.994663905962558,0.002922848397779865,1,True
1.5350000000000008,2.1141978770131775,0.006257335285505211,0.9901130862794965,0.0029304113956304684,1,True
1.540000000000001,2.115530234260615,0.006791742313323679,0.9907370507440484,0.003180682856687043,1,True
1.5450000000000008,2.1184277777777782,0.006636666666666606,0.9920940172728676,0.003108058421298176,1,True
1.5500000000000007,2.1180228070175433,0.006581929824561459,0.9919043629109799,0.003082424272168065,1,True
1.5550000000000008,2.112120701754388,0.007002982456140305,0.9891403114845804,0.0032796100347077537,1,True
1.560000000000001,2.12214994152047,0.006710584795321583,0.9938371668006311,0.0031426754773884883,1,True
1.5650000000000008,2.128213450292398,0.0065572514619882906,0.9966768061026714,0.0030708669955302865,1,True
1.5700000000000007,2.128275263157893,0.006601052631579002,0.9967057540680877,0.003091379792216744,1,True
1.5750000000000008,2.1186407602339163,0.0069519298245614685,0.9921937604044179,0.0032557012609998625,1,True
1.580000000000001,2.11607700729927,0.006859124087591213,0.9909931134081362,0.003212238832220075,1,True
1.5850000000000009,2.1092376461988285,0.006924634502924019,0.9877901299026828,0.003242918420074099,1,True
1.5900000000000007,2.101262729927008,0.007096715328467141,0.9840553475303402,0.00332350665598167,1,True
1.5950000000000009,2.106167839416059,0.0070237226277372125,0.9863524896983215,0.003289322992767664,1,True
1.600000000000001,2.109051839416059,0.0070633430656934434,0.9877031135788372,0.0033078778851602384,1,True
1.6050000000000009,2.1103483795620437,0.007135489051094906,0.9883103043150421,0.003341665017880963,1,True
1.6100000000000008,2.1100783673469383,0.007211574344023327,0.9881838532242819,0.003377296992078319,1,True
1.6150000000000009,2.1078334693877547,0.007233440233236155,0.9871325311740063,0.003387537141918666,1,True
1.620000000000001,2.1098475912408765,0.007219562043795615,0.9880757770384637,0.0033810377611708446,1,True
1.6250000000000009,2.1128240816326533,0.0072,0.9894697156665012,0.0033718765394294935,1,True
1.6300000000000008,2.114048571428572,0.0072,0.9900431640575608,0.0033718765394294935,1,True
1.6350000000000007,2.1041563795620424,0.007381810218978129,0.985410490491132,0.0034570212077629507,1,True
1.640000000000001,2.104062857142859,0.007481428571428579,0.9853666924284715,0.0035036740946413243,1,True
1.645000000000001,2.1073398833819224,0.0075021282798833746,0.9869013768582762,0.003513368103156846,1,True
1.6500000000000008,2.096691195335275,0.007465685131195329,0.9819144238860271,0.003496301186756268,1,True
1.6550000000000007,2.0996990670553943,0.00753381924198252,0.9833230588980665,0.0035282094936587983,1,True
1.660000000000001,2.1028504956268224,0.007621282798833837,0.9847989239071896,0.003569170093020189,1,True
1.665000000000001,2.102011979621541,0.00770946142649201,0.9844062332896695,0.0036104655716145896,1,True
1.6700000000000008,2.08923177583697,0.007804075691411951,0.9784210569965691,0.0036547749633061054,1,True
1.6750000000000007,2.0924873032069984,0.00790937317784258,0.9799456731580232,0.0037040874805500407,1,True
1.680000000000001,2.096459475982532,0.008016069868995652,0.9818059059625207,0.0037540552680130684,1,True
1.685000000000001,2.090695283842794,0.008117962154294051,0.9791064414840837,0.003801773074450086,1,True
1.6900000000000008,2.0955157142857153,0.008005714285714265,0.9813639270841445,0.003749205580746594,1,True
1.6950000000000007,2.09878211062591,0.008052925764192163,0.982893633360253,0.003771315480284289,1,True
1.700000000000001,2.0962810091743083,0.008293440366972583,0.9817223270675601,0.0038839523617433865,1,True
1.705000000000001,2.078635749235471,0.008820963302752389,0.9734587662314628,0.004130999891072122,1,True
1.7100000000000009,2.0823844166666676,0.008950027777777795,0.9752143278655427,0.004191442873768226,1,True
1.7150000000000007,2.0926285589519673,0.008833755458515231,0.9800118255097621,0.004136990664670102,1,True
1.720000000000001,2.1058352547307124,0.00853652110625911,0.9861967349069473,0.00399779100646386,1,True
1.725000000000001,2.102400029112081,0.008594745269286764,0.9845879631470709,0.00402505832442787,1,True
1.7300000000000009,2.096171790393012,0.00871205240174675,0.9816711781444604,0.004079995153295867,1,True
1.7350000000000008,2.094168267831151,0.008813245997088798,0.9807328960996607,0.004127385751917307,1,True
1.740000000000001,2.101278893740904,0.008849636098981085,0.9840629173060158,0.004144427825644814,1,True
1.745000000000001,2.1108327034883736,0.008900363372093033,0.9885371210490249,0.004168184228716399,1,True
1.7500000000000009,2.1195617612809325,0.008987030567685609,0.9926250801020879,0.004208771879210393,1,True
1.7550000000000008,2.1286284279476,0.009103187772925785,0.996871146855444,0.004263170178548594,1,True
1.7600000000000011,2.140455211062594,0.009241470160116479,1.0024098208168841,0.004327930058713122,1,True
1.765000000000001,2.1310765406976717,0.009171889534883699,0.9980176376815335,0.004295344325682394,1,True
1.770000000000001,2.121418710990501,0.009053514246947059,0.993494719707726,0.004239907262315481,1,True
1.7750000000000008,2.115068575063614,0.008918575063613219,0.9905208482696624,0.004176713058630321,1,True
1.7800000000000011,2.1199795165394413,0.008829516539440184,0.9928207216514475,0.004135005510255979,1,True
1.785000000000001,2.1305917070063733,0.00887898089171979,0.997790582216365,0.004158170467060101,1,True
1.790000000000001,2.148343299363061,0.009101910828025521,1.0061039402448415,0.004262572164583129,1,True
1.7950000000000008,2.137997509529858,0.0091799745870394,1.0012588394086683,0.00429913068647182,1,True
1.8000000000000012,2.128662366412214,0.009237175572519098,0.9968870407877518,0.004325918833828937,1,True
1.805000000000001,2.1311369211195936,0.009294427480916044,0.998045914810439,0.004352730829212441,1,True
1.810000000000001,2.1342551908396956,0.009462824427480957,0.9995062509927758,0.004431593844967134,1,True
1.8150000000000008,2.1383880152671773,0.009644961832061073,1.0014417195661933,0.004516891739613838,1,True
1.8200000000000012,2.1467086259542008,0.009676768447837159,1.0053383962285962,0.004531787292604676,1,True
1.825000000000001,2.1498467938931296,0.009682569974554705,1.006808051068883,0.0045345042414702,1,True
1.830000000000001,2.149267557251908,0.009670687022900776,1.0065367851742562,0.00452893926287283,1,True
1.8350000000000009,2.146563994910941,0.00972793893129772,1.0052706631700352,0.004555751258256333,1,True
1.8400000000000012,2.1480243329097854,0.009810317662007649,1.0059545630919713,0.004594330551232554,1,True
1.845000000000001,2.1547841804320216,0.00992467598475225,1.009120309101742,0.004647886404781308,1,True
1.850000000000001,2.1646750254452947,0.009995089058524186,1.0137523519149905,0.0046808619869369615,1,True
1.8550000000000009,2.1702647649301134,0.010054942820838637,1.0163701173914326,0.004708892472623724,1,True
1.8600000000000012,2.164362604828461,0.010105768742058463,1.0136060402832772,0.0047326950742009495,1,True
1.865000000000001,2.157635190839693,0.010197862595419873,1.0104554834221997,0.004775824116364144,1,True
1.870000000000001,2.1521760559796443,0.010335190839694723,1.0078988822055082,0.004840137155957395,1,True
1.8750000000000009,2.15586562340967,0.0106405343511451,1.0096267663524452,0.004983134464669415,1,True
1.8800000000000012,2.161857954256673,0.010696810673443424,1.0124330718801549,0.005009489577292066,1,True
1.8850000000000011,2.1694698854961763,0.010570152671755742,1.0159978624865758,0.004950173585011273,1,True
1.890000000000001,2.1394126335877797,0.010646488549618336,1.0019215649102362,0.004985922912189278,1,True
1.895000000000001,2.121209097839898,0.010728246505717933,0.9933965544764934,0.005024211486367603,1,True
1.9000000000000012,2.1187186277001264,0.010817191867852627,0.9922302269992094,0.005065866039127747,1,True
1.9050000000000011,2.134223735705214,0.010824561626429478,0.9994915200441643,0.005069317416356433,1,True
1.910000000000001,2.145104656488548,0.010857671755725218,1.00458723136593,0.005084823425827236,1,True
1.915000000000001,2.136504147582696,0.010991259541984757,1.0005594738372083,0.005147384748388745,1,True
1.9200000000000013,2.1294721346886893,0.011102172808132173,0.9972662683785602,0.005199327226171241,1,True
1.9250000000000012,2.1233772773536885,0.011192595419847334,0.9944119480370243,0.005241673598820726,1,True
1.930000000000001,2.1191660814249356,0.011211679389312982,0.9924397768210378,0.0052506109306152265,1,True
1.935000000000001,2.1280975984752257,0.011388411689961936,0.9966225508215083,0.005333377527603784,1,True
1.9400000000000013,2.147189085133423,0.011687013977128409,1.0055634030389538,0.005473217811869981,1,True
1.9450000000000012,2.1390712960609894,0.011784345616264316,1.0017617110215404,0.005518799793890339,1,True
1.950000000000001,2.1355857760814256,0.011824122137404573,1.000129385598373,0.005537427782564361,1,True
1.955000000000001,2.1389890839694665,0.011785954198473276,1.0017232097683926,0.005519553118975358,1,True
1.9600000000000013,2.1498474714104225,0.011753189326556536,1.0068083683611975,0.005504208799123488,1,True
1.9650000000000012,2.1547934688691197,0.011788322744599802,1.0091246590271779,0.005520662347463774,1,True
1.970000000000001,2.1400285387547617,0.012004332909784041,1.0022100032689947,0.005621823404166971,1,True
1.975000000000001,2.1273551461245215,0.012114218551461258,0.996274848368316,0.0056732846287769105,1,True
1.9800000000000013,2.118648905852421,0.012185521628498761,0.9921975751294089,0.005706677013867451,1,True
1.9850000000000012,2.131918625954202,0.012312748091603086,0.9984119998371854,0.0057662592258307934,1,True
1.990000000000001,2.14067494282084,0.012349034307496815,1.0025127247558558,0.005783252648063674,1,True
1.995000000000001,2.1457384752223643,0.01231091486658195,1.0048840589379866,0.005765400696880757,1,True
2.0000000000000013,2.113969767441852,0.01487294573643478,0.9900062588750559,0.0069652412223461585,1,True
2.0050000000000012,2.081295348837202,0.017498914728682757,0.9747042997733174,0.008195025005433695,1,True
2.010000000000001,2.09049758081335,0.016562659019812045,0.9790138539553676,0.007756561302704795,1,True
2.015000000000001,2.1037405422314936,0.015282679874869422,0.9852157471384798,0.007157126351344927,1,True
2.0200000000000014,2.1169835036496383,0.014002700729926685,0.9914176403215926,0.006557691399985004,1,True
2.0250000000000012,2.129143227445997,0.012829656925031796,0.9971122357931044,0.006008335999228312,1,True
2.030000000000001,2.128133062261753,0.012956721728081348,0.996639159086757,0.0060678425031713695,1,True
2.035000000000001,2.127075057179161,0.013147573062261799,0.9961436781816752,0.006157221272093854,1,True
2.0400000000000014,2.12596959339263,0.013401702668360925,0.9956259715973707,0.006276234279979979,1,True
2.0450000000000013,2.0996616030534287,0.013355063613231539,0.9833055138995525,0.006254392455561654,1,True
2.050000000000001,2.091056620076244,0.013144891994917316,0.9792756610908082,0.00615596568486059,1,True
2.055000000000001,2.1180134180432066,0.01268110546378645,0.9918999659023279,0.00593876694546843,1,True
2.0600000000000014,2.110123328981719,0.013651932114882833,0.9882049094856001,0.006393420780007985,1,True
2.0650000000000013,2.0997147274881542,0.014592618483412244,0.9833303929322083,0.006833959432369853,1,True
2.070000000000001,2.110893637440761,0.014243092417061532,0.9885656574052067,0.006670270718057763,1,True
2.075000000000001,2.111287115812916,0.013952316258351843,0.9887499296957405,0.006534095536421843,1,True
2.0800000000000014,2.1032748663697083,0.013707327394209294,0.9849976635949614,0.006419363285946324,1,True
2.0850000000000013,2.0991669152542367,0.013818779661017003,0.9830738435961583,0.006471558186462317,1,True
2.090000000000001,2.09624,0.01404,0.9817031218074557,0.006575159251887512,1,False
2.095000000000001,2.1106735593220374,0.014051254237288138,0.9884625912600171,0.006580429793370991,1,True
2.1000000000000014,2.11459415819208,0.014039570621468895,0.9902986711697964,0.0065749581669714615,1,True
2.1050000000000013,2.0823116723163757,0.013949175141242913,0.9751802605088586,0.006532624500437509,1,True
2.110000000000001,2.066872847457628,0.013956677966101725,0.9679500089341959,0.006536138194759854,1,True
2.115000000000001,2.0715282146892666,0.01408097175141246,0.9701301927606946,0.006594346986244041,1,True
2.1200000000000014,2.083868442437928,0.014150970654627554,0.9759093211547123,0.006627128605624148,1,True
2.1250000000000013,2.099726230248311,0.014196117381489853,0.9833357798609738,0.006648271548560123,1,True
2.1300000000000012,2.085606969339619,0.014679634433962375,0.9767235014426262,0.006874710410455428,1,True
2.135000000000001,2.0729664750542307,0.015002516268980403,0.9708037533693353,0.007025921199970044,1,True
2.1400000000000015,2.075748470715836,0.014601214750542197,0.9721066069671356,0.006837985203406264,1,True
2.1450000000000014,2.076184169491525,0.014341548022598865,0.9723106517560249,0.0067163790717364655,1,True
2.1500000000000012,2.072692644067796,0.014318949152542365,0.9706755138861509,0.006705795655102976,1,True
2.155000000000001,2.082864485875711,0.014514745762711945,0.9754391520465533,0.006797490376815563,1,True
2.1600000000000015,2.1019944293785375,0.014853728813559435,0.9843980142268022,0.006956241626317909,1,True
2.1650000000000014,2.0954839277652337,0.014999424379232535,0.9813490409421054,0.0070244732179556915,1,True
2.1700000000000013,2.083288350282481,0.015094395480225968,0.9756376546089264,0.007068949721756184,1,True
2.175000000000001,2.062293999999995,0.01500399999999998,0.9658056605564155,0.007026616055222229,1,True
2.1800000000000015,2.047756644067797,0.014971344632768394,0.9589975814712606,0.007011323018186863,1,True
2.1850000000000014,2.0488752881355934,0.015078689265536752,0.9595214605946182,0.007061594247195932,1,True
2.1900000000000013,2.0553967796610197,0.015245016949152592,0.962575580633045,0.007139488193618418,1,True
2.195000000000001,2.066865706214692,0.015465355932203443,0.9679466645745405,0.007242676505794935,1,True
2.2000000000000015,2.084431715575627,0.01563882618510163,0.9761731110822538,0.007323915433022199,1,True
2.2050000000000014,2.104008465011293,0.015796839729119688,0.9853412197128665,0.0073979157332981155,1,True
2.2100000000000013,2.0666838418078997,0.015694802259886977,0.9678614945291766,0.0073501299348747075,1,True
2.215000000000001,2.041461264108358,0.015856501128668436,0.9560493531390345,0.007425856132388109,1,True
2.2200000000000015,2.066133950338608,0.017030316027088398,0.9676039714535465,0.007975572648723537,1,True
2.2250000000000014,2.072247152542368,0.01731386440677942,0.970466882994053,0.008108362944455955,1,True
2.2300000000000013,2.0545465875706173,0.01645510734463257,0.9621774219158733,0.007706193112383404,1,True
2.235000000000001,2.0581027472527507,0.01621037362637364,0.9638428290551303,0.007591580350854984,1,True
2.2400000000000015,2.072223626373631,0.016270813186813206,0.9704558653084381,0.007619885175285483,1,True
2.2450000000000014,2.0728729500580716,0.016417886178861838,0.9707599540998355,0.007688761837989995,1,True
2.2500000000000013,2.0713783521444697,0.016776162528217196,0.9700600097052863,0.00785654845146552,1,True
2.2550000000000012,2.0717620993227994,0.018491738148984596,0.9702397247202421,0.008659980283032572,1,True
2.2600000000000016,2.0786285214447004,0.0189167720090288,0.9734553813400557,0.00885903051930288,1,True
2.2650000000000015,2.0973249097065514,0.01698674943566538,0.9822112025834169,0.007955169708789902,1,True
2.2700000000000014,2.1012348194130905,0.0164985891647857,0.9840422765849123,0.007726556352559242,1,True
2.2750000000000012,2.094524887133181,0.017045993227991114,0.9808999066910529,0.007982914535657953,1,True
2.2800000000000016,2.0848163092550753,0.01726884875846506,0.976353222527385,0.008087281387725622,1,True
2.2850000000000015,2.0751609817131893,0.017416583253128063,0.9718314763580804,0.008156467842811545,1,True
2.2900000000000014,2.084660500481235,0.017589826756496684,0.9762802547566698,0.008237600579563938,1,True
2.2950000000000013,2.0941600192492804,0.017763070259865302,0.9807290331552591,0.008318733316316329,1,True
2.3000000000000016,2.094644594978683,0.0180155708195169,0.9809559678126964,0.008436983415383278,1,True
2.3050000000000015,2.094753548081478,0.018271373756513578,0.9810069923142537,0.008556780071213315,1,True
2.3100000000000014,2.094862501184273,0.018527176693510252,0.9810580168158112,0.00867657672704335,1,True
2.3150000000000013,2.094971454287068,0.01878297963050693,0.9811090413173684,0.008796373382873385,1,True
2.3200000000000016,2.0947171138669676,0.018820879368658387,0.9809899295818731,0.008814122443696082,1,True
2.3250000000000015,2.0943337993235627,0.01878142051860202,0.9808104171768552,0.00879564322553248,1,True
2.3300000000000014,2.1027849209932308,0.018867042889390544,0.9847682142448855,0.008835741567659169,1,True
2.3350000000000013,2.113086854565957,0.018970304396843336,0.9895927764844185,0.008884100602993363,1,True
2.3400000000000016,2.129789222096962,0.019128139797068826,0.9974147655442412,0.008958017475647779,1,True
2.3450000000000015,2.1288830812641,0.0193355869074493,0.9969904051253876,0.009055168315184495,1,True
2.3500000000000014,2.1034598306997676,0.019612110609480884,0.9850842853845667,0.009184668840667341,1,True
2.3550000000000013,2.1107629425028245,0.019688151071025922,0.9885044508503387,0.009220279819602217,1,True
2.3600000000000017,2.135999695603165,0.01965432919954903,1.0003232308101182,0.009204440489747698,1,True
2.3650000000000015,2.125404700854696,0.019398461538461455,0.9953614232784875,0.009084613522578269,1,True
2.3700000000000014,2.1095500000000054,0.01911000000000004,0.9879364102435425,0.008949522315069132,1,True
2.3750000000000013,2.1299151115618717,0.019267200811359065,0.9974737216183094,0.009023141999485907,1,True
2.3800000000000017,2.1492773630831583,0.019420283975659234,1.0065413774037482,0.009094833323136653,1,True
2.3850000000000016,2.1338260446247412,0.019430425963488845,0.9993052748741383,0.009099582980195798,1,True
2.3900000000000015,2.1194214604462482,0.01944908722109538,0.9925593749502915,0.009108322349184649,1,True
2.3950000000000014,2.1226618255578105,0.01961135902636921,0.994076890380689,0.009184316862130996,1,True
2.4000000000000017,2.1261348659793837,0.019814989690721894,0.9957033714248548,0.009279680398219782,1,True
2.4050000000000016,2.132145175257734,0.020469628865979608,0.9985180965429638,0.009586258520003525,1,True
2.4100000000000015,2.135530558325021,0.02100200398803583,1.0001035262292925,0.009835578406703148,1,True
2.4150000000000014,2.1233122133599167,0.020807587238285085,0.9943814775156131,0.009744529895959166,1,True
2.4200000000000017,2.1126389781021895,0.020720583941606054,0.9893830286870934,0.009703784843886244,1,True
2.4250000000000016,2.1116170802919703,0.021304525547445444,0.9889044574020972,0.009977254149598274,1,True
2.4300000000000015,2.1126336585365877,0.02165375609756084,0.9893805374484194,0.01014080446887413,1,True
2.4350000000000014,2.120877560975612,0.02117082926829256,0.9932412903966821,0.009914642018058743,1,True
2.4400000000000017,2.127513819702602,0.020831617100371857,0.9963491577732266,0.009755783469322515,1,True
2.4450000000000016,2.1263009944237914,0.02119407063197037,0.9957811720643311,0.009925526324854515,1,True
2.4500000000000015,2.1253523076923115,0.02154836032388661,0.9953368867125054,0.010091445922123137,1,True
2.4550000000000014,2.13881384615385,0.021457267206477705,1.0016411430629346,0.010048785540804444,1,True
2.4600000000000017,2.151568441295545,0.021369149797570843,1.0076143264140738,0.010007518731942172,1,True
2.4650000000000016,2.1481979959514157,0.021348906882591084,1.0060358923052823,0.009998038647204683,1,True
2.4700000000000015,2.1449705689277896,0.021460700218819056,1.0045244359908816,0.010050393276050746,1,True
2.4750000000000014,2.1437670678336977,0.023441006564551975,1.0039608169486112,0.010977802791059104,1,True
2.4800000000000018,2.138707949200371,0.02466453433678231,1.0015915498055687,0.01155080065085409,1,True
2.4850000000000017,2.1213043744120363,0.02346509877704573,0.9934411740373755,0.01098908556412725,1,True
2.4900000000000015,2.107027817109148,0.0224125073746313,0.9867552311716212,0.010496139973098582,1,True
2.4950000000000014,2.117544041297938,0.02252418036241048,0.9916801491751717,0.010548438240818112,1,True
2.5000000000000018,2.128060265486729,0.02263585335018967,0.9966050671787224,0.010600736508537646,1,True
2.5050000000000017,2.1385764896755197,0.02274752633796885,1.001529985182273,0.010653034776257175,1,True
2.5100000000000016,2.1490927138643094,0.02285919932574803,1.0064549031858232,0.010705333043976705,1,True
2.5150000000000015,2.1496100909090865,0.023037212121212198,1.0066971992301734,0.010788699317413357,1,True
2.520000000000002,2.132807060606055,0.02333014141414151,0.9988280681648798,0.010925882846655027,1,True
2.5250000000000017,2.1268919981998233,0.024267407740774686,0.9960579486986528,0.01136481983803998,1,True
2.5300000000000016,2.138296138613865,0.026229603960396614,1.0013986922423288,0.012283748087859482,1,True
2.5350000000000015,2.1485424918566784,0.027764495114006336,1.0061972253137386,0.01300256245889205,1,True
2.540000000000002,2.1528869543973954,0.02712117263843625,1.0082318074411654,0.012701284130744485,1,True
2.5450000000000017,2.157231416938112,0.026477850162866225,1.0102663895685922,0.012400005802596946,1,True
2.5500000000000016,2.161575879478829,0.0258345276872962,1.0123009716960192,0.012098727474449409,1,True
2.5550000000000015,2.1659203420195454,0.025191205211726173,1.0143355538234458,0.01179744914630187,1,True
2.560000000000002,2.1683558266129017,0.02470745967741935,1.0154761306793458,0.011570903282665348,1,True
2.5650000000000017,2.1651249798387084,0.02469737903225806,1.0139630728404023,0.011566182353370673,1,True
2.5700000000000016,2.1620737903225797,0.024762943548387185,1.0125341514033483,0.01159688727750329,1,True
2.5750000000000015,2.159513306451612,0.025035120967742016,1.0113350353625008,0.011724352368459541,1,True
2.580000000000002,2.1522648185483804,0.025197076612903182,1.007940451153161,0.01180019881850775,1,True
2.5850000000000017,2.1331972782257993,0.025081149193548345,0.9990108133922809,0.011745908131618975,1,True
2.5900000000000016,2.114019184290023,0.025205438066465503,0.9900294015849171,0.01180411462254974,1,True
2.5950000000000015,2.094583131923458,0.025890231621349666,0.9809271836690916,0.0121248145283923,1,True
2.600000000000002,2.0914202515090663,0.026299979879275584,0.9794459555765488,0.012316706269777369,1,True
2.6050000000000018,2.123809587525163,0.026108832997987858,0.9946144058877119,0.012227189091360814,1,True
2.6100000000000017,2.146359889336017,0.026162022132796975,1.005175077225639,0.012252098424112956,1,True
2.6150000000000015,2.148568138832999,0.02672037223340057,1.0062092362078723,0.012513582813698144,1,True
2.620000000000002,2.1443179698492405,0.026999979899497397,1.0042188132794074,0.012644527609469883,1,True
2.6250000000000018,2.1274184723618035,0.02673364824120594,0.9963045050702357,0.012519800183039284,1,True
2.6300000000000017,2.1254602412060386,0.026743618090452434,0.9953874337239992,0.012524469224813716,1,True
2.6350000000000016,2.1514954170854357,0.027271256281407204,1.0075801279945074,0.01277157073000641,1,True
2.6400000000000015,2.172952781124502,0.027642349397590388,1.0176289588835805,0.012945359642840003,1,True
2.645000000000002,2.1862007730923745,0.027732710843373528,1.0238332079545553,0.01298767737049349,1,True
2.6500000000000017,2.186343891675017,0.027646830491474282,1.0239002327033289,0.012947458211636958,1,True
2.6550000000000016,2.1637862186559604,0.02725565697091261,1.01333610930929,0.012764265320410856,1,True
2.660000000000002,2.1606176930792493,0.02693164493480433,1.0118522374958603,0.012612525239432204,1,True
2.665000000000002,2.1901813841524684,0.026721013039117274,1.025697392544295,0.012513882913387378,1,True
2.6700000000000017,2.2046896292585134,0.026915731462926144,1.0324918385583735,0.012605072702975686,1,True
2.6750000000000016,2.1944240981963894,0.027777454909819903,1.0276843242037679,0.013008631741039212,1,True
2.6800000000000015,2.1882139679358716,0.02843439879759528,1.024776019685401,0.013316289196999129,1,True
2.685000000000002,2.1885646693386773,0.02876005010020051,1.024940258828799,0.01346879697301152,1,True
2.6900000000000017,2.189127747747748,0.029089439439439542,1.025203957561772,0.013623055332083503,1,True
2.6950000000000016,2.190028648648649,0.029424774774774884,1.0256258640356746,0.01378009829736947,1,True
2.700000000000002,2.1889794999999985,0.02940366666666643,1.025134530741958,0.01377021302868577,1,True
2.705000000000002,2.1848544999999984,0.02882033333333312,1.0232027264745764,0.013497028586833855,1,True
2.7100000000000017,2.1767832212885083,0.028466862745098184,1.0194228160120111,0.013331492589077227,1,True
2.7150000000000016,2.1553499813258568,0.028891699346405363,1.0093852828183962,0.013530450445888149,1,True
2.7200000000000015,2.1367382304900215,0.029286633393829423,1.0006690986515825,0.013715404452711917,1,True
2.725000000000002,2.1481130036297684,0.029363765880217815,1.0059960890253665,0.013751526844556484,1,True
2.7300000000000018,2.159487776769514,0.0294408983666062,1.01132307939915,0.013787649236401047,1,True
2.7350000000000017,2.165632177858441,0.029257912885662356,1.0142006018825662,0.013701954173866219,1,True
2.740000000000002,2.1710768239564446,0.029040127041742202,1.0167504177774767,0.013599961538069798,1,True
2.745000000000002,2.1684266847826064,0.029538070652174214,1.015509314707131,0.01383315659056626,1,True
2.7500000000000018,2.1619321195652152,0.030375932971014777,1.0124678046945872,0.014225541076145494,1,True
2.7550000000000017,2.1501734692028927,0.03099880434782621,1.006961038404022,0.014517241823722247,1,True
2.7600000000000016,2.1324787228260815,0.0313792391304349,0.9986743022680324,0.014695405590147415,1,True
2.765000000000002,2.176330321771002,0.021583857994168988,1.019210715837317,0.010108070055682797,2,True
2.770000000000002,2.186464656235299,0.02044218317358022,1.023956788701608,0.00957340525801604,2,True
2.7750000000000017,2.22501050408378,0.01945210490699291,1.0420084331533737,0.009109735580334823,2,True
2.780000000000002,2.2186595964505496,0.019554662134206088,1.0390342003127382,0.009157764789833302,2,True
2.785000000000002,2.2032803870810755,0.01936230565845808,1.0318318676366405,0.009067681138752462,2,True
2.790000000000002,2.20277151849538,0.017491014911274052,1.0315935562413963,0.008191325393074503,2,True
2.7950000000000017,2.2171977878666884,0.01743357436616274,1.0383496116920357,0.00816442505606438,2,True
2.8000000000000016,2.2376165243004387,0.02021818851251839,1.0479120364622798,0.009468504932656063,1,True
2.805000000000002,2.224283991163466,0.019992901325478152,1.0416681953934293,0.009362999296459527,1,True
2.810000000000002,2.198415066273922,0.01862324005890962,1.0295533591524129,0.008721564755944567,1,True
2.8150000000000017,2.206211649484543,0.017461737849778673,1.033204625265691,0.008177614471296765,1,True
2.820000000000002,2.221229705014754,0.017115398230088823,1.0402378237532142,0.008015418021531885,1,True
2.825000000000002,2.2307210162002917,0.017761148748158484,1.0446827584080671,0.008317833441282375,1,True
2.830000000000002,2.2235413402061828,0.016384123711339675,1.0413203999295613,0.007672950327968991,1,True
2.8350000000000017,2.23434327433629,0.016123303834808343,1.0463791205231407,0.007550804158150533,1,True
2.8400000000000016,2.239296870653678,0.01662581363004207,1.0486989698576414,0.00778613762889805,1,True
2.845000000000002,2.216876842837265,0.017655020862309172,1.0381993079399303,0.0082681320345498,1,True
2.850000000000002,2.2154665589887643,0.01606363764044873,1.037538849186778,0.007522861513573003,1,True
2.8550000000000018,2.2116064948453578,0.01508047128129603,1.0357311186692995,0.007062428794019766,1,True
2.860000000000002,2.2053224409448884,0.015608070866143508,1.032788194513813,0.007309512219347537,1,True
2.865000000000002,2.2200837917485274,0.019201277013751104,1.039701174022852,0.00899226881802141,1,True
2.870000000000002,2.220817643593514,0.015872592047127574,1.0400448487200082,0.0074333917699506424,1,True
2.8750000000000018,2.2035937849779033,0.014318836524299935,1.0319786369443933,0.006705742909474042,1,True
2.8800000000000017,2.2036933628318605,0.01651156342183,1.0320252708651718,0.007732632407134826,1,True
2.885000000000002,2.2090888200589984,0.01745935103244704,1.0345520508156831,0.008176496686107261,1,True
2.890000000000002,2.2122015022091315,0.013867511045655593,1.036009770248563,0.006494379882656313,1,True
2.895000000000002,2.2123266863033875,0.014493431516936908,1.0360683959861368,0.006787508570526052,1,True
2.900000000000002,2.2173232300884993,0.015042787610619704,1.0384083583149215,0.007044780921092948,1,True
2.905000000000002,2.224955599415208,0.015493669590643409,1.0419827204083925,0.007255936250328149,1,True
2.910000000000002,2.232726067251465,0.0158079970760235,1.0456217562691517,0.007403140899446344,1,True
2.915000000000002,2.1888412389380347,0.0155350884955751,1.0250697808487423,0.007275333393915376,1,True
2.9200000000000017,2.173756597938148,0.01488855670103059,1.0180053993080154,0.006972552089745948,1,True
2.925000000000002,2.181088584070797,0.014451238938053626,1.021439087089696,0.006767749102904584,1,True
2.930000000000002,2.181730176991151,0.0156606784660772,1.0217395554391415,0.007334149209904774,1,True
2.935000000000002,2.1849657227138657,0.016172477876106352,1.023254813871735,0.0075738331576229905,1,True
2.940000000000002,2.1850628318584056,0.015347876106193759,1.0233002916559346,0.007187658801742392,1,True
2.945000000000002,2.183438082595874,0.01415044247787767,1.0225393952780477,0.006626881251903092,1,True
2.950000000000002,2.192073775811213,0.017734513274337768,1.0265836301883968,0.008305359617769507,1,True
2.955000000000002,2.196807876106196,0.015927610619467764,1.0288006859828356,0.007459157857909919,1,True
2.9600000000000017,2.195842212389378,0.014267551622419012,1.028348450033986,0.006681725359824149,1,True
2.965000000000002,2.189435427728614,0.014509144542772367,1.0253480490769293,0.0067948672348563345,1,True
2.970000000000002,2.1900032743362834,0.01337345132743316,1.0256139808344842,0.006263003719746401,1,True
2.975000000000002,2.180051520467831,0.012594269005847699,1.0209534134184826,0.005898100026678037,1,True
2.980000000000002,2.163945250737454,0.013083126843659,1.0134105866071519,0.006127040064793614,1,True
2.985000000000002,2.1439600000000083,0.015619999999999525,1.0040511702049006,0.007315098825817651,1,True
2.990000000000002,2.1628890989660348,0.014549098966026127,1.01291597363769,0.006813578537969638,1,True
2.995000000000002,2.170814351032449,0.013965147492625238,1.0166274974587743,0.006540104611118841,1,True
3.0000000000000018,2.176817964601776,0.01364803834808247,1.0194390868679708,0.006391597265990741,1,True
3.005000000000002,2.192879911504432,0.01333092920353968,1.0269611565816692,0.006243089920862632,1,True
3.010000000000002,2.1838078908554523,0.013854144542773113,1.0227125824717367,0.006488120133005807,1,True
3.015000000000002,2.176369881831608,0.015111713441655086,1.0192292424540192,0.007077060003402516,1,True
3.0200000000000022,2.1706782005899665,0.01595790560471864,1.0165637360028246,0.007473345489858501,1,True
3.025000000000002,2.162411238938049,0.013671769911503356,1.0126921840519267,0.006402711141260584,1,True
3.030000000000002,2.1584266666666654,0.013152359882005788,1.010826144362824,0.0061594630172595805,1,True
3.035000000000002,2.1594205022156596,0.013082939438700187,1.0112915736366719,0.00612695230001806,1,True
3.040000000000002,2.164814793510327,0.01320262536873163,1.0138178075621354,0.006183003158292062,1,True
3.045000000000002,2.1716805752212416,0.013409115044247868,1.0170331642671182,0.006279705615584786,1,True
3.050000000000002,2.1863910102489084,0.014054729136164271,1.023922299094145,0.006582057144759508,1,True
3.055000000000002,2.1817514749262417,0.013920530973450853,1.0217495296068735,0.006519209973025075,1,True
3.0600000000000023,2.1532460118168446,0.012794948301329694,1.0083999598424083,0.005992081388953728,1,True
3.065000000000002,2.166946159527332,0.013481802067947114,1.0148159607662572,0.006313746125297626,1,True
3.070000000000002,2.1594936484490335,0.02364847858198496,1.011325829201708,0.011074965294971659,1,True
3.075000000000002,2.1573168141592998,0.02698256637167581,1.0103063824695167,0.01263637257253512,1,True
3.080000000000002,2.1771249630723766,0.012970709010339752,1.01958285922084,0.006074392973851577,1,True
3.085000000000002,2.17243515509601,0.013015022156573136,1.0173865462361262,0.006095145537486668,1,True
3.090000000000002,2.1721114180206804,0.012907769571639506,1.0172349349237308,0.006044917415968491,1,True
3.095000000000002,2.163887905604707,0.012866312684365899,1.0133837309532965,0.0060255024846357615,1,True
3.1000000000000023,2.1329070796460026,0.013146548672566507,0.9988749087001986,0.006156741533818744,1,True
3.105000000000002,2.142437607090109,0.012935007385524262,1.0033382089636946,0.006057673325082846,1,True
3.110000000000002,2.1500844165435766,0.013021078286558473,1.006919333602255,0.0060979817211835145,1,True
3.115000000000002,2.1572056277695766,0.013314874446085766,1.0102543120835428,0.0062355712180841485,1,True
3.120000000000002,2.170876233382575,0.01358075332348606,1.016656477964968,0.00636008659989469,1,True
3.125000000000002,2.1484209896602544,0.012906676514032165,1.0061403238685147,0.006044405519398707,1,True
3.130000000000002,2.1405061890694275,0.012908153618907223,1.0024336946426158,0.006045097271520163,1,True
3.135000000000002,2.1474127232796483,0.013455344070278152,1.0056681364026452,0.0063013554167392575,1,True
3.1400000000000023,2.1469881259150805,0.013374816983894545,1.0054692905842715,0.006263643278771827,1,True
3.1450000000000022,2.1353148449039816,0.013239468242245131,1.0000025041426754,0.00620025727229836,1,True
3.150000000000002,2.139544150664709,0.01323165435745945,1.001983156486102,0.006196597903577438,1,True
3.155000000000002,2.162915878877402,0.013382762186115265,1.0129285151036438,0.006267364145573087,1,True
3.160000000000002,2.1670443870014786,0.013500930576070944,1.014861962282313,0.006322704315266658,1,True
3.1650000000000023,2.158556923076918,0.012905384615384263,1.0108871455480797,0.006043800502351183,1,True
3.170000000000002,2.162895923190559,0.013297725258494273,1.0129191695324917,0.0062275399759577545,1,True
3.175000000000002,2.188775627769553,0.015363131462333516,1.025039054076558,0.007194803131946321,1,True
3.1800000000000024,2.1420178729689585,0.014595036927621492,1.00314164068093,0.006835092028938059,1,True
3.1850000000000023,2.127279453471196,0.013791063515509218,0.9962394002736,0.006458578266906607,1,True
3.190000000000002,2.128233017751481,0.013179585798816474,0.9966859698604794,0.006172213354781582,1,True
3.195000000000002,2.132241893491126,0.012972485207100499,0.9985633912571457,0.006075224795544212,1,True
3.200000000000002,2.15539927621862,0.012678124076809343,1.009408368414566,0.005937370713690226,1,True
3.2050000000000023,2.1506844526627127,0.013296849112426535,1.0072003402290504,0.006227129662572905,1,True
3.210000000000002,2.1414711964549573,0.013951299852289257,1.0028856232208998,0.0065336195370111535,1,True
3.215000000000002,2.162113737075341,0.013353072378138599,1.0125528591142459,0.0062534599279374355,1,True
3.2200000000000024,2.1440035502958477,0.013097218934911128,1.0040715655133488,0.006133639619222024,1,True
3.2250000000000023,2.135309497784343,0.013689158050222154,1.0,0.006410854288067565,1,True
3.230000000000002,2.1352467757009337,0.01435892523364431,0.9999706262331178,0.00672451710093714,1,True
3.235000000000002,2.133385404984423,0.013182912772585204,0.9990989161983701,0.006173771430447982,1,True
3.240000000000002,2.1490888135593287,0.013297889060092528,1.00645307660987,0.0062276166868975155,1,True
3.2450000000000023,2.152883076923075,0.0136398224852073,1.0082299915571804,0.006387749644424082,1,True
3.250000000000002,2.1457978106508806,0.013631124260354545,1.004911846679566,0.006383676124935791,1,True
3.255000000000002,2.12999159763313,0.012558639053254026,0.9975095412834857,0.0058814139431708715,1,True
3.2600000000000025,2.1393715384615435,0.012413846153846116,1.0019023193974528,0.005813605084755662,1,True
3.2650000000000023,2.146012865583458,0.012587031019202525,1.005012560385378,0.00589471036037782,1,True
3.2700000000000022,2.1445291124260275,0.012946760355029754,1.0043176947656773,0.006063177430936206,1,True
3.275000000000002,2.126481775147921,0.013323979289940995,0.9958658346035636,0.006239835163832844,1,True
3.280000000000002,2.1450480769230875,0.013616775147929118,1.0045607342396263,0.006376956203331773,1,True
3.2850000000000024,2.161095931952667,0.013905621301775292,1.0120762045010716,0.0065122275324509885,1,True
3.2900000000000023,2.165871396332856,0.014017475317348047,1.0143126317661326,0.0065646105784163715,1,True
3.295000000000002,2.1496725246826442,0.013255839210154814,1.0067264379768857,0.006207924061551472,1,True
3.3000000000000025,2.133261971830977,0.013384112676056556,0.9990411104547184,0.006267996601871667,1,True
3.3050000000000024,2.1220590532544374,0.013488520710058918,0.9937946023545278,0.006316892574146739,1,True
3.3100000000000023,2.1212824260355028,0.012978165680473155,0.9934308952573877,0.00607788505316895,1,True
3.315000000000002,2.1615688757396625,0.018399467455623646,1.0122976917316047,0.008616768423835255,1,True
3.320000000000002,2.15694142011833,0.01736349112425831,1.0101305793639905,0.00813160393951095,1,True
3.3250000000000024,2.133554222222221,0.013882444444444468,0.9991779760433119,0.006501373435021613,1,True
3.3300000000000023,2.130176444444443,0.013926888888888907,0.9975961080371599,0.006522187487734137,1,True
3.335000000000002,2.135346656804736,0.013407218934911003,1.0000174021707071,0.0062788176368918465,1,True
3.3400000000000025,2.1404035650887594,0.01900557692308208,1.002385634171394,0.0089006192979532,1,True
3.3450000000000024,2.1446148740740756,0.02455999999999505,1.004357858333599,0.01150184552894051,1,True
3.3500000000000023,2.1478222814814827,0.014559999999995642,1.0058599391376863,0.006818683668622046,1,True
3.355000000000002,2.135870473372775,0.01365692307692324,1.0002627139480313,0.006395758128315378,1,True
3.360000000000002,2.1343795631825317,0.01450624024961053,0.9995644965740207,0.006793507107359664,1,True
3.3650000000000024,2.1437860802469175,0.015191774691357438,1.0039697207694576,0.0071145539825120665,1,True
3.3700000000000023,2.151455833333337,0.014042083333332818,1.0075615902826958,0.0065761349106081704,1,True
3.375000000000002,2.1293201629629523,0.016937125925927336,0.9971950975595785,0.007931930215971864,1,True
3.3800000000000026,2.124927041420123,0.016886331360945556,0.9951377276338661,0.007908142299028448,1,True
3.3850000000000025,2.130633762962961,0.014712118518517428,0.9978102777015538,0.006889923233040988,1,True
3.3900000000000023,2.126796725925924,0.012630637037036069,0.9960133311507058,0.005915131764337662,1,True
3.3950000000000022,2.152739822222236,0.013356977777778268,1.0081629030620523,0.0062552888898016155,1,True
3.400000000000002,2.156271140740733,0.013948800000000086,1.0098166766822985,0.006532448815721446,1,True
3.4050000000000025,2.1409074074074055,0.014038148148147972,1.0026215916844237,0.006574291999691074,1,True
3.4100000000000024,2.137388888888887,0.013667777777777598,1.0009738125113488,0.006400841560420008,1,True
3.4150000000000023,2.1447993195266317,0.013647455621301798,1.004444237124471,0.006391324365607318,1,True
3.4200000000000026,2.1499653777777783,0.013582533333333237,1.0068635858214665,0.006360920207317419,1,True
3.4250000000000025,2.1500036148148127,0.013565688888889357,1.0068814928448155,0.006353031681339635,1,True
3.4300000000000024,2.145662874074072,0.014521244444444921,1.0048486536965586,0.006800533814658985,1,True
3.4350000000000023,2.1405943620178016,0.013903323442136026,1.0024749874615095,0.006511151407588691,1,True
3.440000000000002,2.135930177777776,0.0135799555555558,1.0002906744872708,0.006359712992260252,1,True
3.4450000000000025,2.130967911111103,0.014100444444444504,0.9979667646878615,0.006603466363576577,1,True
3.4500000000000024,2.115945688888882,0.014211555555555606,0.9909316148710275,0.006655501495357893,1,True
3.4550000000000023,2.138696622222238,0.01369991111111078,1.0015862451983704,0.006415890120531095,1,True
3.4600000000000026,2.150270681481468,0.013335881481481583,1.0070065644875599,0.006245409152780553,1,True
3.4650000000000025,2.1270228486647014,0.0135131454005934,0.9961192280893051,0.006328424715300062,1,True
3.4700000000000024,2.1550421364985297,0.01335735905044503,1.009241114102973,0.006255467445962752,1,True
3.4750000000000023,2.149382222222213,0.014067866666667154,1.006590484635821,0.006588209662938495,1,True
3.480000000000002,2.135877759643917,0.0144565875370916,1.000266126226743,0.006770253938406663,1,True
3.4850000000000025,2.13535,0.01352,1.0000189678431624,0.006331634835150938,1,False
3.4900000000000024,2.135327822222222,0.014237081481481811,1.0000085816308588,0.0066674556996325855,1,True
3.4950000000000023,2.1417278931750787,0.014557299703264142,1.003005838449834,0.006817419075955596,1,True
3.5000000000000027,2.145152222222216,0.01488555555555601,1.0046095071689074,0.006971146604743565,1,True
3.5050000000000026,2.1334929629629573,0.01573740740740781,0.9991492873406546,0.0073700826150669895,1,True
3.5100000000000025,2.147026097922856,0.015413531157269839,1.005487073490129,0.007218406124856069,1,True
3.5150000000000023,2.139712077151325,0.014817878338278592,1.0020617991778478,0.006939452268466955,1,True
3.5200000000000022,2.131805481481496,0.014232370370370308,0.9983590124492572,0.006665249410044874,1,True
3.5250000000000026,2.1652128888889064,0.014084222222222144,1.0140042420715085,0.006595869234336441,1,True
3.5300000000000025,2.15152700296735,0.013935875370919813,1.007594920174258,0.006526396002724695,1,True
3.5350000000000024,2.139946795252223,0.013886498516320489,1.0021717214636527,0.006503272022500489,1,True
3.5400000000000027,2.138820504451048,0.013886854599406466,1.0016442612512837,0.006503438781973225,1,True
3.5450000000000026,2.1558902373887325,0.01377557863501478,1.0096382934772428,0.006451326446732292,1,True
3.5500000000000025,2.1374498813056255,0.013217715133530832,1.0010023762473326,0.006190069939390943,1,True
3.5550000000000024,2.1255274480712165,0.016146083086056556,0.9954189077867744,0.007561472050215758,1,True
3.5600000000000023,2.1274124117647117,0.020893382352939707,0.9963016667945207,0.009784709136834387,1,True
3.5650000000000026,2.139927117647065,0.01762132352941014,1.0021625061226551,0.008252351028127079,1,True
3.5700000000000025,2.146298605341249,0.015345756676556844,1.0051463769389442,0.0071866662385382685,1,True
3.5750000000000024,2.146656468842728,0.014267062314540087,1.005313970209077,0.006681496209024496,1,True
3.5800000000000027,2.141869108469538,0.015367904903422654,1.0030719718579444,0.007197038611671434,1,True
3.5850000000000026,2.139083075780088,0.02507072808321425,1.001767227654661,0.011741027756973095,1,True
3.5900000000000025,2.1376116468842725,0.01982783382788831,1.0010781336861556,0.009285695515550427,1,True
3.5950000000000024,2.148930890207729,0.014191988130563996,1.0063791185481636,0.006646337753515357,1,True
3.6000000000000023,2.1725288112926973,0.014605497771174016,1.017430406948957,0.006839991011293253,1,True
3.6050000000000026,2.1219047399702546,0.014991827637444492,0.9937223349458252,0.007020915540815246,1,True
3.6100000000000025,2.1284914243323594,0.0149931750741839,0.9968069858448819,0.007021546567249965,1,True
3.6150000000000024,2.147716552748887,0.015281396731055465,1.0058104246608832,0.007156525434327844,1,True
3.6200000000000028,2.1499903857566633,0.01622695845697222,1.0068752974627584,0.007599347295466895,1,True
3.6250000000000027,2.1250052225519154,0.014186899109791177,0.9951743411233268,0.006643954482716394,1,True
3.6300000000000026,2.1146529866270414,0.014129420505201055,0.9903262214780877,0.006617036321836313,1,True
3.6350000000000025,2.110535007429418,0.014584338781574842,0.988397705166098,0.00683008191398388,1,True
3.6400000000000023,2.104977800891528,0.014175720653788824,0.985795175395282,0.006638719430835647,1,True
3.6450000000000027,2.0997575631500713,0.014089420505200548,0.9833504535660235,0.006598303674394801,1,True
3.6500000000000026,2.102015311572704,0.015270682492582609,0.9844077936963301,0.00715150778303,1,True
3.6550000000000025,2.108342867756318,0.016364858841009994,0.9873710906751426,0.007663928277371795,1,True
3.660000000000003,2.1143458395245203,0.015525334323922283,0.9901823795184842,0.007270765357449028,1,True
3.6650000000000027,2.1143185884101037,0.014608499257057435,0.9901696173805156,0.006841396655714604,1,True
3.6700000000000026,2.113372080237741,0.014302407132243742,0.9897263522831866,0.0066980487592474625,1,True
3.6750000000000025,2.1124875631500744,0.014519643387816028,0.9893121186142105,0.006799784013924922,1,True
3.6800000000000024,2.112911040118871,0.01506942050520085,0.9895104397331097,0.007057253536706179,1,True
3.6850000000000027,2.1203232838038675,0.014492630014858485,0.9929817134256061,0.006787133214129589,1,True
3.6900000000000026,2.1227677083333325,0.014407440476190676,0.9941264769982879,0.006747237574290865,1,True
3.6950000000000025,2.117375037147093,0.014599866270430636,0.9916010017958243,0.006837353688343478,1,True
3.700000000000003,2.099737592867746,0.014094665676076971,0.983341101159571,0.006600760072814733,1,True
3.7050000000000027,2.110132421991093,0.01483980683506737,0.9882091678890697,0.006949721738448487,1,True
3.7100000000000026,2.114701685950411,0.01566254545454582,0.9903490281594703,0.007335023550823765,1,True
3.7150000000000025,,,,,0,False
3.7200000000000024,,,,,0,False
3.7250000000000028,,,,,0,False
3.7300000000000026,,,,,0,False
3.7350000000000025,,,,,0,False
3.740000000000003,,,,,0,False
3.7450000000000028,,,,,0,False
3.7500000000000027,,,,,0,False
3.7550000000000026,,,,,0,False
3.7600000000000025,,,,,0,False
3.765000000000003,,,,,0,False
3.7700000000000027,,,,,0,False
3.7750000000000026,,,,,0,False
3.780000000000003,,,,,0,False
3.785000000000003,,,,,0,False
3.7900000000000027,,,,,0,False
3.7950000000000026,,,,,0,False
3.8000000000000025,,,,,0,False
3.805000000000003,,,,,0,False
3.8100000000000027,,,,,0,False
3.8150000000000026,,,,,0,False
3.820000000000003,,,,,0,False
3.825000000000003,,,,,0,False
3.8300000000000027,,,,,0,False
3.8350000000000026,2.108853571428578,0.015770000000000204,0.9876102614711281,0.0073853462537227495,1,True
3.8400000000000025,2.122103189269746,0.016167123695975786,0.9938152719648837,0.007571325708404916,1,True
3.845000000000003,2.1210525186289115,0.015362354694485417,0.9933232258975924,0.007194439358990267,1,True
3.8500000000000028,2.1145567410714237,0.015566383928571808,0.9902811481265582,0.00728998955173661,1,True
3.8550000000000026,2.106475245901636,0.016054590163934467,0.9864964531312083,0.00751862443387863,1,True
3.860000000000003,2.100521445603573,0.01612910581222061,0.9837081920832239,0.007553521318083689,1,True
3.865000000000003,2.0982560804768986,0.016181535022354726,0.9826472849271302,0.007578074765810362,1,True
3.8700000000000028,2.0964302384500737,0.02118219076006417,0.9817922135528309,0.009919962788552858,1,True
3.8750000000000027,2.1034189285714437,0.02637583333333301,0.9850651302558295,0.012352229670078888,1,True
3.8800000000000026,2.1300930357143,0.02580291666666636,0.9975570463787775,0.012083923521831467,1,True
3.885000000000003,2.1161376453055047,0.019678062593140713,0.9910215111679448,0.009215555222116149,1,True
3.890000000000003,2.11109482861401,0.016503979135617776,0.988659878488126,0.0077290805631421424,1,True
3.8950000000000027,2.1082145305514075,0.015409940387480921,0.987310988284813,0.007216724509243605,1,True
3.900000000000003,2.0938106557376956,0.014612622950819167,0.9805654205679749,0.006843327848249462,1,True
3.905000000000003,2.1090553651266872,0.01582667660208727,0.9877047647261918,0.007411888823849411,1,True
3.910000000000003,2.1179811044776136,0.016229791044775975,0.9918848329365322,0.0076006738421837495,1,True
3.9150000000000027,2.1129703129657083,0.01600995529061097,0.9895381981666759,0.007497721200239753,1,True
3.9200000000000026,2.0838048882265134,0.015890730253353146,0.9758795576888165,0.007441886185511662,1,True
3.925000000000003,2.0871942105263197,0.016098947368421195,0.9774668321814945,0.00753939763070689,1,True
3.930000000000003,2.0917446268656734,0.015858059701492202,0.9795978658063977,0.007426586037268587,1,True
3.9350000000000027,2.097344515648293,0.015578107302533888,0.9822203843632769,0.007295479797517957,1,True
3.940000000000003,2.1109883308494863,0.01627855439642365,0.9886100038612234,0.007623510509045521,1,True
3.945000000000003,2.1242483432835897,0.01695313432835859,0.994819882311098,0.007939427209942932,1,True
3.950000000000003,2.1216701043218995,0.01706704918032769,0.9936124512738804,0.007992775378949487,1,True
3.9550000000000027,2.111450328358213,0.01696797014925412,0.9888263647724665,0.007946375065001378,1,True
3.9600000000000026,2.1189055522388096,0.0176993134328362,0.9923177667862413,0.008288874962248565,1,True
3.965000000000003,2.1365066865671754,0.017881522388059765,1.000560662884736,0.008374206365219718,1,True
3.970000000000003,2.134315999999988,0.017541999999999575,0.9995347289067998,0.008215202535370936,1,True
3.9750000000000028,2.1161106408345707,0.01696584202682565,0.9910088645371111,0.00794537843082227,1,True
3.980000000000003,2.107593502235464,0.01699564828614011,0.9870201506724726,0.007959337184504294,1,True
3.985000000000003,2.123053985074639,0.01701911940298509,0.9942605450299262,0.007970329088427043,1,True
3.990000000000003,2.1325868507462684,0.016937940298507356,0.9987249403232179,0.007932311599832547,1,True
3.9950000000000028,2.13390902985075,0.016921149253731744,0.9993441381986797,0.007924448081783744,1,True
4.000000000000003,2.141259776119407,0.017674880597015368,1.0027866116557054,0.00827743266976301,1,True
4.0050000000000034,2.1361876567164124,0.017706641791044697,1.0004112560417966,0.008292306951014645,1,True
4.010000000000003,2.1421281614349907,0.0176758445440957,1.0031932905547056,0.008277884101783208,1,True
4.015000000000003,2.153832447761173,0.017641999999999672,1.0086745972872082,0.008262034153974168,1,True
4.020000000000003,2.121989164179086,0.01714199999999971,0.9937618721693139,0.00802787606095825,1,True
4.025000000000003,2.133558298507476,0.016861223880596875,0.9991798850336758,0.007896384059590684,1,True
4.030000000000003,2.1411551343283537,0.01690695522388081,1.0027376062112197,0.007917800787859532,1,True
4.035000000000003,2.1345568161434976,0.01722829596412563,0.9996475070046631,0.008068289857747645,1,True
4.040000000000003,2.1340186995515693,0.017362825112107697,0.9993954982946908,0.008131292035240724,1,True
4.0450000000000035,2.132445014925372,0.017592477611940462,0.9986585163125331,0.00823884201807509,1,True
4.050000000000003,2.1403258893871566,0.017860074738415718,1.002349257383072,0.008364162083739071,1,True
4.055000000000003,2.1549109417040233,0.018313587443947225,1.0091796734571823,0.008576549424310582,1,True
4.060000000000003,2.134335455904322,0.020010149476832127,0.9995438404217132,0.009371076884917723,1,True
4.065000000000003,2.119234641791036,0.018395820895520727,0.9924718847502029,0.00861506068071572,1,True
4.070000000000003,2.1166878325859564,0.017178206278027186,0.9912791727767291,0.008044832046994486,1,True
4.075000000000003,2.129690642750387,0.01762896860986571,0.9973685992406318,0.008255931343047938,1,True
4.080000000000003,2.1567160538116728,0.018099820627802927,1.0100250366747967,0.008476438964273707,1,True
4.0850000000000035,2.158070732436468,0.01827297458893877,1.0106594546016596,0.008557529766949156,1,True
4.090000000000003,2.1529045440956627,0.01789775784753296,1.0082400449815714,0.008381809693678681,1,True
4.095000000000003,2.1506077578475398,0.017008744394618903,1.0071644228057202,0.007965470304078941,1,True
4.100000000000003,2.159471733931247,0.017105904334828167,1.0113155662783195,0.00801097187671283,1,True
4.105000000000003,2.1464613901345153,0.017321091180867138,1.0052226116924707,0.008111747359734028,1,True
4.110000000000003,2.136370582959644,0.017702062780269406,1.000496923362352,0.008290162526152561,1,True
4.115000000000003,2.1402113901345285,0.01830008968609918,1.0022956355297776,0.008570228205835204,1,True
4.120000000000003,2.1390454708520172,0.019353901345292007,1.001749616658171,0.00906374526286431,1,True
4.1250000000000036,2.113722020958059,0.018834550898202806,0.9898902351866632,0.008820525042269546,1,True
4.1300000000000034,2.1044013452914996,0.018313183856502463,0.9855252119072601,0.00857636041777772,1,True
4.135000000000003,2.1299009580838324,0.018561676646706226,0.9974670933154549,0.008692733613542366,1,True
4.140000000000003,2.1299159281437126,0.017962874251496598,0.9974741040368027,0.008412304759631041,1,True
4.145000000000003,2.1327275336322895,0.01862702541106208,0.9987908243958393,0.008723337497627394,1,True
4.150000000000003,2.1320725226586053,0.019134425981872805,0.9984840721548345,0.00896096139773987,1,True
4.155000000000003,2.123804416167656,0.018689011976047894,0.9946119840572878,0.008752366809326768,1,True
4.160000000000003,2.1076592065868165,0.018674041916167654,0.9870509210837037,0.008745356087978986,1,True
4.165000000000004,2.1102017189835642,0.018566337817638164,0.9882416207922874,0.008694916515335653,1,True
4.1700000000000035,2.1183853293413217,0.018761676646707054,0.9920741379830033,0.008786396850749128,1,True
4.175000000000003,2.1241242514970042,0.019386347305388532,0.9947617681188864,0.009078940231148858,1,True
4.180000000000003,2.1218787425149683,0.018428263473053257,0.993710159916719,0.0086302540648908,1,True
4.185000000000003,2.1230985029940137,0.018569580838323697,0.994281393492138,0.008696435274414325,1,True
4.190000000000003,2.1234411976047887,0.019032095808383408,0.9944418829252297,0.008913038521175335,1,True
4.195000000000003,2.121381377245523,0.019858622754498654,0.9934772357106675,0.0093001144682326,1,True
4.200000000000003,2.142451736526959,0.03128826347306087,1.003344826007671,0.014652800217264266,1,True
4.205000000000004,2.153119221556891,0.026399461077835917,1.0083405819114408,0.012363294925269025,1,True
4.2100000000000035,2.1608846326836653,0.01922154422788604,1.0119772496333013,0.009001760282446574,1,True
4.215000000000003,2.1700356437125685,0.019153787425148908,1.016262816216693,0.008970028675011007,1,True
4.220000000000003,2.16136049401197,0.018053488023951368,1.0122001031956531,0.00845474065594902,1,True
4.225000000000003,2.165928128742521,0.017788128742515022,1.0143392004718514,0.008330468609338592,1,True
4.230000000000003,2.184700239880079,0.018228305847077065,1.023130483963559,0.008536610672125642,1,True
4.235000000000003,2.2171036526946115,0.019272874251497544,1.0383055266672772,0.00902579896333324,1,True
4.240000000000003,2.2183162275449106,0.020186047904192102,1.0388733950964475,0.00945345296554795,1,True
4.245000000000004,2.211512083958014,0.019751604197900334,1.0356869045226187,0.009249995945971838,1,True
4.2500000000000036,2.2024492203898003,0.01909902548725635,1.0314426188218258,0.00894438277311745,1,True
4.2550000000000034,2.196735988023977,0.019104011976048694,1.0287670196303496,0.008946718026530371,1,True
4.260000000000003,2.2306731137724785,0.020166886227545637,1.0446603249257718,0.009444479242222902,1,True
4.265000000000003,2.264671739130458,0.019785652173912358,1.0605824314837473,0.009265941164239894,1,True
4.270000000000003,2.2747908285714074,0.019212400000000133,1.0653213648568483,0.00899747789251884,1,True
4.275000000000003,2.242776542857125,0.01941240000000011,1.0503285566726008,0.009091141129725205,1,True
4.280000000000003,2.2355509654178642,0.020022982708934035,1.0469447018043683,0.00937708689523015,1,True
4.285000000000004,2.2361343478260904,0.02004473763118412,1.0472179092287868,0.009387275077445729,1,True
4.290000000000004,2.245974827586223,0.019921499250375396,1.051826365178776,0.009329560548972644,1,True
4.2950000000000035,2.2690782758620855,0.020761079460270466,1.0626460839595127,0.009722749550738544,1,True
4.300000000000003,2.2446337031484043,0.02027629685157376,1.0511982948970626,0.009495718008379119,1,True
4.305000000000003,2.2390682882882973,0.0213584084084101,1.0485919210360921,0.010002488365537729,1,True
4.310000000000003,2.248921529235384,0.02288733133433211,1.0532063532564848,0.010718507718942219,1,True
4.315000000000003,2.251177901049476,0.021792878560719042,1.0542630486987303,0.01020595777021174,1,True
4.320000000000003,2.2561308558558593,0.02312518018018117,1.056582597603244,0.010829896183282332,1,True
4.325000000000004,2.2681059520240012,0.023438560719639692,1.062190728968073,0.01097665736229816,1,True
4.330000000000004,2.2809829729729727,0.022509549549548275,1.0682212463063478,0.010541586394339938,1,True
4.3350000000000035,2.2808703603603604,0.020632672672671465,1.0681685079971102,0.009662614573709575,1,True
4.340000000000003,2.266259850074952,0.021528635682159694,1.0613261695442684,0.010082208553138742,1,True
4.345000000000003,2.260409759759761,0.02223684684684708,1.058586477559916,0.01041387530469033,1,True
4.350000000000003,2.2626511261261286,0.022411891891891647,1.0596361457081134,0.010495851732569379,1,True
4.355000000000003,2.2664574324324347,0.022006486486486256,1.0614187005603517,0.01030599381931322,1,True
4.360000000000003,2.263466066066064,0.022612192192192564,1.060017795272629,0.010589655605267343,1,True
4.365000000000004,2.2669362762762826,0.027882882882889294,1.0616429508830074,0.01305800536728814,1,True
4.370000000000004,2.26620896396394,0.03198202702701918,1.0613023387548373,0.01497770091886194,1,True
4.3750000000000036,2.236651906906884,0.022274819819812344,1.0474602905235502,0.010431658662561714,1,True
4.3800000000000034,2.2516144848484974,0.022104727272727755,1.0544675079583712,0.010352001569638612,1,True
4.385000000000003,2.2482156541353264,0.02203377443608983,1.052875780521811,0.010318773207796197,1,True
4.390000000000003,2.2349745045045064,0.021982342342343347,1.046674735828028,0.010294686725813209,1,True
4.395000000000003,2.2372642942942957,0.023506366366367312,1.047747081449197,0.011008411844165062,1,True
4.400000000000003,2.2486361861861934,0.02263741741741681,1.0530727224879772,0.010601468986536158,1,True
4.405000000000004,2.2400695488721634,0.021353834586465056,1.0490608275739524,0.010000346370688836,1,True
4.410000000000004,2.231042702702724,0.021066216216218448,1.044833409403984,0.00986565003250224,1,True
4.415000000000004,2.2579045645645848,0.02390405405405618,1.0574132541008456,0.011194655425295349,1,True
4.4200000000000035,2.2574753684210513,0.022605999999998964,1.0572122545998466,0.01058675570143606,1,True
4.425000000000003,2.25258171428571,0.021724857142856862,1.0549204771594243,0.010174102239230043,1,True
4.430000000000003,2.247473978978978,0.021503918918919143,1.0525284420413155,0.010070633292846874,1,True
4.435000000000003,2.2462652702702695,0.02184175675675697,1.0519623841888295,0.01022884822056034,1,True
4.440000000000003,2.2464845112781955,0.02299804511278275,1.0520650583014832,0.010770356773407399,1,True
4.445000000000004,2.23580378947367,0.023645263157894975,1.0470631034019204,0.01107345945982536,1,True
4.450000000000004,2.2156819699247925,0.02384279699248116,1.0376397296147684,0.011165967751851014,1,True
4.455000000000004,2.189080466165393,0.023782646616541305,1.025181814831454,0.011137798357202479,1,True
4.4600000000000035,2.2156571406959364,0.027330650529503443,1.0376281016850084,0.012799386017747072,1,True
4.465000000000003,2.222985498489422,0.02515128398791148,1.0410600902567306,0.011778753391023248,1,True
4.470000000000003,2.222439398496247,0.021922330827069025,1.0408043427907347,0.010266582361861945,1,True
4.475000000000003,2.232243909774442,0.02392984962406132,1.0453959541184454,0.011206735908256674,1,True
4.480000000000003,2.227849473684208,0.024205789473684357,1.0433379685689061,0.011335963006206344,1,True
4.485000000000004,2.204992003012022,0.023477499999999006,1.0326334450813728,0.010994893257562859,1,True
4.490000000000004,2.1818939999999976,0.023477368421054617,1.0218162764058287,0.01099483163701346,1,True
4.495000000000004,2.17887,0.02613,1.0204000882592694,0.01223710194101287,1,False
4.5000000000000036,2.1832846987951835,0.024105662650601104,1.0224675631615094,0.011289071994300506,1,True
4.5050000000000034,2.1840549999999994,0.024395000000000912,1.0228283076838445,0.011424573358247996,1,True
4.510000000000003,2.1869931578947437,0.025536736842105574,1.0242042945830705,0.011959267201594527,1,True
4.515000000000003,2.1976054518072043,0.026026837349397244,1.0291742035932034,0.01218878920194165,1,True
4.520000000000003,2.1601807530120243,0.02549972891566231,1.011647611390053,0.011941935790629668,1,True
4.525000000000004,2.1599490512048334,0.024411024096384452,1.0115391016834128,0.011432077701950942,1,True
4.530000000000004,2.1675533433734855,0.02375138554216917,1.0151003147893078,0.011123158290081262,1,True
4.535000000000004,2.1571455251141556,0.024361126331810954,1.0102261650371855,0.011408709771154366,1,True
4.540000000000004,2.157396666666667,0.023957777777777474,1.010343778691212,0.011219815114687934,1,True
4.5450000000000035,2.1716726506024244,0.024725000000000913,1.017029453039858,0.011579117699638514,1,True
4.550000000000003,2.1900761144578427,0.025531475903614514,1.025648093042403,0.011956803418945446,1,True
4.555000000000003,2.204424705882346,0.025601764705882244,1.032367770653256,0.011989720802744217,1,True
4.560000000000003,2.194130588235288,0.025443393665158274,1.0275468687382225,0.011915553080974469,1,True
4.565000000000004,2.201893855421698,0.02508838855421654,1.0311825324181083,0.011749298441396414,1,True
4.570000000000004,2.2076460391566206,0.025171656626506663,1.033876373166202,0.01178829422742955,1,True
4.575000000000004,2.1981622021115887,0.02584224736048132,1.0294349387723247,0.012102342722352877,1,True
4.580000000000004,2.163622232277499,0.024017209653090565,1.013259311833968,0.011247648023863284,1,True
4.5850000000000035,2.1646719457013677,0.024127918552036783,1.0137509096210606,0.011299494793177564,1,True
4.590000000000003,2.1614123192770904,0.02448557228915647,1.0122243738061543,0.011466989827265503,1,True
4.595000000000003,2.136449864253386,0.02431733031674236,1.0005340520754609,0.011388199388414047,1,True
4.600000000000003,2.1251150226244278,0.02473211161387657,0.9952257622745119,0.011582448183525293,1,True
4.605000000000004,2.1305400304878135,0.024533018292682614,0.9977663812662856,0.011489209558679322,1,True
4.610000000000004,2.133415067873298,0.024497254901961103,0.9991128078093546,0.011472460983937055,1,True
4.615000000000004,2.12797375565611,0.025041447963802074,0.9965645532247926,0.011727315403123427,1,True
4.620000000000004,2.1298289592760193,0.0266402413273012,0.997433375108381,0.01247605621337041,1,True
4.6250000000000036,2.1579405731523615,0.025312941176469178,1.0105984989021504,0.011854460069013225,1,True
4.6300000000000034,2.168733981900442,0.02474475113122246,1.0156532269213343,0.011588367474082003,1,True
4.635000000000003,2.153771631419933,0.02577731117824818,1.0086461160102302,0.012071932057153982,1,True
4.640000000000003,2.1431069788519572,0.02650238670694909,1.0036516865942409,0.012411496663340236,1,True
4.645000000000003,2.173854434389167,0.02634414781297111,1.0180512177016114,0.012337390828030566,1,True
4.650000000000003,2.1795535498489245,0.026534848942598648,1.0207202057174805,0.012426699253729707,1,True
4.655000000000004,2.1523103021147887,0.027226737160121195,1.0079617518435084,0.012750721704920257,1,True
4.660000000000004,2.130875256797568,0.027725226586103068,0.9979233731731274,0.012984172371673305,1,True
4.665000000000004,2.1440061538461683,0.026158974358972905,1.004072784798105,0.01225067110229978,1,True
4.6700000000000035,2.1762287804878375,0.026026798780488917,1.0191631624108606,0.012188771139497602,1,True
4.675000000000003,2.1934251963745663,0.026924984894258902,1.0272165223123513,0.012609406234645152,1,True
4.680000000000003,2.110902537764294,0.025580574018125968,0.9885698255707781,0.011979796860674805,1,True
4.685000000000003,2.130157824773436,0.025872658610272246,0.9975873881438486,0.012116584802867427,1,True
4.690000000000004,2.1424989561270777,0.026299046898638736,1.0033669397107046,0.01231626933984388,1,True
4.695000000000004,2.1444967220543947,0.026771918429003647,1.0043025258303702,0.01253772273142743,1,True
4.700000000000004,2.161921193353488,0.027564969788520265,1.0124626877727834,0.012909121519443645,1,True
4.705000000000004,2.173396691842909,0.02684651057401745,1.0178368494581636,0.01257265544028823,1,True
4.7100000000000035,2.171218066465249,0.025661042296071496,1.0168165639305056,0.012017481457698808,1,True
4.715000000000003,2.1629370347957635,0.025001709531014497,1.0129384227626428,0.011708705251841464,1,True
4.720000000000003,2.162407534039334,0.026378411497731704,1.012690448987891,0.012353437066197048,1,True
4.725000000000003,2.161875744680851,0.026543647416413435,1.0124414034237537,0.012430819721429549,1,True
4.730000000000003,2.1405829179331097,0.027506869300912774,1.002469628011414,0.012881912120680713,1,True
4.735000000000004,2.1247931722054565,0.028166314199394863,0.9950750345138264,0.01319074084043602,1,True
4.740000000000004,2.14726,0.02707,1.005596613618802,0.012677319155882832,1,False
4.745000000000004,2.152250015128597,0.028413177004539637,1.007933518472068,0.013306350687814552,1,True
4.7500000000000036,2.1353050832072418,0.028038971255672333,0.999997932582089,0.013131104078713814,1,True
4.7550000000000034,2.120548381240551,0.02725052950075645,0.9930871301986394,0.01276186404314333,1,True
4.760000000000003,2.1295201664145136,0.027332904689865097,0.9972887624132069,0.012800441677530347,1,True
4.765000000000003,2.1141419515884916,0.02936770045385921,0.9900868954979054,0.013753369469077884,1,True
4.770000000000004,2.130949636913793,0.029847518910741153,0.9979582065854744,0.013978076218792533,1,True
4.775000000000004,2.15286886363637,0.02916121212121094,1.0082233352449597,0.013656667640671964,1,True
4.780000000000004,2.1588938073394304,0.02775042813455669,1.0110449139010336,0.012995974664727203,1,True
4.785000000000004,2.1305681192660337,0.027918623853211137,0.9977795356957719,0.013074743442194345,1,True
4.790000000000004,2.1447884266263446,0.027098774583962846,1.0044391358029536,0.012690794759298966,1,True
4.7950000000000035,2.1540507272727165,0.02704236363636462,1.0087768211155432,0.012664376599469321,1,True
4.800000000000003,2.1418973071104492,0.02828287443267791,1.0030851777379073,0.013245327884330124,1,True
4.805000000000003,2.156337549167937,0.02848711043872934,1.0098477768236471,0.013340974911734513,1,True
4.810000000000003,2.1672819696969765,0.02848212121212117,1.0149732261041358,0.013338638376158125,1,True
4.815000000000004,2.175584469696975,0.029496818181819998,1.0188614212386646,0.01381383739098558,1,True
4.820000000000004,2.177471590909074,0.030983181818179863,1.0197451906472947,0.0145099255402221,1,True
4.825000000000004,2.153948863636346,0.02827106060605859,1.008729116725863,0.013239795278105322,1,True
4.830000000000004,2.1610292424242528,0.028595984848485575,1.0120449727154763,0.013391962560068024,1,True
4.8350000000000035,2.160915788667678,0.029266967840735358,1.0119918404849062,0.013706194755890697,1,True
4.840000000000003,2.152196000000005,0.02945090909090866,1.0079082223130575,0.013792337420625791,1,True
4.845000000000003,2.1603626666666718,0.028769090909090463,1.0117328044989846,0.013473030930149506,1,True
4.850000000000004,2.1451301212121057,0.029553909090909925,1.0045991569081452,0.013840573987787668,1,True
4.855000000000004,2.1579341274658885,0.030459271623672943,1.010595480282845,0.014264569916107401,1,True
4.860000000000004,2.179920363636345,0.03076827272727166,1.0208919905513891,0.014409280134424392,1,True
4.865000000000004,2.15634460606059,0.029419787878786966,1.0098510816806996,0.01377776285326027,1,True
4.870000000000004,2.129883247344441,0.02955185128983327,0.9974587990895313,0.013839610286235836,1,True
4.8750000000000036,2.1268239453717848,0.03376484066768356,0.9960260784577771,0.01581262140346348,1,True
4.8800000000000034,2.146679188361437,0.03705560490045566,1.0053246101274271,0.017353739558085418,1,True
4.885000000000003,2.185331562021463,0.03183355283307493,1.0234261423409694,0.01490816805062981,1,True
4.890000000000003,2.144559286798155,0.03065998482549254,1.004331825912548,0.0143585671572698,1,True
4.895000000000004,2.144001805766329,0.030047450682852514,1.0040707485219382,0.01407170750377432,1,True
4.900000000000004,2.1546594081942274,0.02944827010622066,1.0090618762432155,0.01379110154138171,1,True
4.905000000000004,2.1475739361702133,0.028449118541033682,1.0057436350086937,0.013323182691105568,1,True
4.910000000000004,2.148371808510639,0.02875306990881481,1.0061172915401022,0.013465528036403997,1,True
4.915000000000004,2.1571430804248943,0.029993884673749187,1.0102250201496348,0.014046621674690101,1,True
4.9200000000000035,2.17071623100305,0.030666079027355114,1.016581546260833,0.01436142117064299,1,True
4.925000000000003,2.1847575460122637,0.029996809815951243,1.02315732135282,0.014047991566129769,1,True
4.930000000000004,2.175976871165637,0.030456932515337817,1.0190451891978618,0.01426347447381318,1,True
4.935000000000004,2.146732245826982,0.03226743550834776,1.0053494577973316,0.015111362330298887,1,True
4.940000000000004,2.125115060790269,0.03315373860182316,0.995225780148193,0.015526432414703542,1,True
4.945000000000004,2.1228586626139965,0.032165653495438304,0.9941690723601118,0.015063696166206486,1,True
4.950000000000004,2.1408069908814724,0.02924772036473949,1.0025745649999842,0.013697180851341572,1,True
4.955000000000004,2.162276489361719,0.029581063829788,1.0126290786442704,0.01385329099153174,1,True
4.9600000000000035,2.173377021276596,0.03011875379939215,1.0178276374135706,0.01410509990736435,1,True
4.965000000000003,2.174443814589668,0.030364270516717955,1.0183272339892329,0.014220079360029435,1,True
4.970000000000003,2.178174817629182,0.0313141185410341,1.0200745231027715,0.014664908564087083,1,True
4.975000000000004,2.173713713450288,0.03144925438596493,1.0179853158082208,0.014728194867581285,1,True
4.980000000000004,2.1530941304347557,0.03050652173912899,1.0083288313328191,0.014286697909967342,1,True
4.985000000000004,2.1229990881458987,0.029325516717327867,0.9942348359096337,0.01373361414247295,1,True
4.990000000000004,2.126068996960489,0.032752568389060537,0.9956725238971482,0.015338557910712952,1,True
4.995000000000004,2.1068103652967842,0.03348911719939127,0.9866533949682094,0.01568349564039336,1,True
5.0000000000000036,2.1106650076103755,0.03263295281582808,0.9884585863550275,0.015282540001666713,1,True
5.0050000000000034,2.1327459615384448,0.031137019230769218,0.9987994544825665,0.014581970090554959,1,True
5.010000000000004,2.1111113461538262,0.031120993589743576,0.9886676139193754,0.014574465023471114,1,True
5.015000000000004,2.1555207001522514,0.03191237442922451,1.0094652332080571,0.014945081479915528,1,True
5.020000000000004,2.1780656140350936,0.03238508771929846,1.020023381292087,0.01516646076500954,1,True
5.025000000000004,2.17664298325721,0.032620654490106704,1.019357140272057,0.0152767804966703,1,True
5.030000000000004,2.1514983866057644,0.03281852359208539,1.007581518668942,0.01536944579984251,1,True
5.035000000000004,2.12768903963413,0.032880259146341496,0.9964312161032767,0.015398357559154294,1,True
5.040000000000004,2.113022328767117,0.032679452054794285,0.989562558008405,0.01530431634791275,1,True
5.0450000000000035,2.1052378658536557,0.034313841463418635,0.9859169680264662,0.016069727362250597,1,True
5.050000000000003,2.1009575799086955,0.04019287671232377,0.9839124408375965,0.0188229747275648,1,True
5.055000000000004,2.1278525570776496,0.03341205479451445,0.9965077939687755,0.015647406068855,1,True
5.060000000000004,2.153158258859805,0.03159174114021606,1.0083588637122545,0.014794923720892235,1,True
5.065000000000004,2.1518094824961618,0.03175646879756452,1.0077272099098231,0.01487206834911563,1,True
5.070000000000004,2.1160799085366113,0.03147379573170646,0.9909944721045427,0.014739687977019047,1,True
5.075000000000004,2.149540274390267,0.030368612804877276,1.006664503024358,0.01422211292385886,1,True
5.080000000000004,2.1499307118643998,0.0335115593220371,1.0068473512131277,0.015694005649677312,1,True
5.0850000000000035,2.1117432203389432,0.034932847457626634,0.9889635308278014,0.016359617888588956,1,True
5.090000000000004,2.08692412191584,0.03442455732946281,0.977340345313544,0.016121577394369622,1,True
5.095000000000004,2.1101683284457398,0.034127008797650994,0.9882259834629639,0.015982230600792128,1,True
5.100000000000004,2.101180058651019,0.030805894428149735,0.9840166312336747,0.014426898985891645,1,True
5.105000000000004,2.110608732824443,0.030146183206107426,0.9884322319619099,0.014117945542502364,1,True
5.110000000000004,2.117500043604639,0.030147499999998974,0.9916595443432517,0.014118562218395444,1,True
5.115000000000004,2.102754404069755,0.02889749999999896,0.984753922675674,0.013533166985855594,1,True
5.120000000000004,2.1274557122093207,0.031009375000001567,0.9963219450935934,0.01452219223123288,1,True
5.1250000000000036,2.120641541984714,0.043533984732837455,0.9931307588830336,0.020387669692852273,1,True
5.1300000000000034,2.113378313953518,0.052172441860453334,0.989729271633184,0.0244331989880572,1,True
5.135000000000004,2.1569684302325958,0.034817790697659355,1.0101432286376877,0.016305734945583895,1,True
5.140000000000004,2.173435168869322,0.03325911894273118,1.0178548688724232,0.015575783734040324,1,True
5.145000000000004,2.155598488549583,0.03362444274809221,1.009501662773613,0.015746870785233652,1,True
5.150000000000004,2.114913231441024,0.03410120815138255,0.9904480983368067,0.015970147740534534,1,True
5.155000000000004,2.0827953275108904,0.03373730713245967,0.9754067640649082,0.015799727003259455,1,True
5.160000000000004,2.08626890829695,0.03469676855895289,0.9770334981705093,0.01624905831915946,1,True
5.165000000000004,2.096417251908406,0.03843016793893622,0.9817861317451673,0.01799746967772702,1,True
5.170000000000004,,,,,0,False
